,Date,VIX,10Y_Treasury_Yield,30Y_Treasury_Yield,Gold_Price,Oil_Price,EUR_USD,GDP,Unemployment_Rate,CPI,PPI,Retail_Sales,Industrial_Production,Non_Farm_Payrolls,Housing_Starts
0,2015-01-11,17.549999237060547,1.9709999561309808,2.555999994277954,1216.0,48.36000061035156,1.1796069145202637,18063.529,5.7,234.747,192.0,436125.0,102.8239,140562.0,1085.0
1,2015-01-18,20.950000762939453,1.815000057220459,2.434999942779541,1276.9000244140625,48.68999862670898,1.1637378931045532,18063.529,5.7,234.747,192.0,436125.0,102.8239,140562.0,1085.0
2,2015-01-25,16.65999984741211,1.8170000314712524,2.3940000534057617,1292.5999755859375,45.59000015258789,1.1346745491027832,18063.529,5.7,234.747,192.0,436125.0,102.8239,140562.0,1085.0
3,2015-02-01,20.96999931335449,1.6749999523162842,2.250999927520752,1278.5,48.2400016784668,1.13355553150177,18063.529,5.7,234.747,192.0,436125.0,102.8239,140562.0,1085.0
4,2015-02-08,17.290000915527344,1.937999963760376,2.5190000534057617,1233.9000244140625,51.68999862670898,1.147196888923645,18063.529,5.7,234.747,192.0,436125.0,102.8239,140562.0,1085.0
5,2015-02-15,14.6899995803833,2.0209999084472656,2.625999927520752,1226.5,52.77999877929688,1.140393853187561,18063.529,5.7,234.747,192.0,436125.0,102.8239,140562.0,1085.0
6,2015-02-22,14.300000190734863,2.132999897003174,2.734999895095825,1204.4000244140625,50.34000015258789,1.1366735696792605,18063.529,5.7,234.747,192.0,436125.0,102.8239,140562.0,1085.0
7,2015-03-01,13.34000015258789,2.002000093460083,2.5999999046325684,1212.5999755859375,49.7599983215332,1.1205360889434814,18063.529,5.7,234.747,192.0,436125.0,102.8239,140562.0,1085.0
8,2015-03-08,15.199999809265137,2.240000009536743,2.83899998664856,1164.0999755859375,49.61000061035156,1.1032048463821411,18063.529,5.7,234.747,192.0,436125.0,102.8239,140562.0,1085.0
9,2015-03-15,16.0,2.111999988555908,2.694999933242798,1152.5999755859375,44.84000015258789,1.0626314878463743,18063.529,5.7,234.747,192.0,436125.0,102.8239,140562.0,1085.0
10,2015-03-22,13.020000457763672,1.9299999475479128,2.503999948501587,1184.800048828125,45.720001220703125,1.066894292831421,18063.529,5.7,234.747,192.0,436125.0,102.8239,140562.0,1085.0
11,2015-03-29,15.06999969482422,1.9479999542236328,2.5269999504089355,1199.800048828125,48.869998931884766,1.0886367559432983,18063.529,5.7,234.747,192.0,436125.0,102.8239,140562.0,1085.0
12,2015-04-05,14.670000076293944,1.9040000438690183,2.5239999294281006,1200.9000244140625,49.13999938964844,1.0769942998886108,18279.784,5.4,236.222,190.9,442967.0,101.244,141202.0,1190.0
13,2015-04-12,12.579999923706056,1.950999975204468,2.5829999446868896,1204.5999755859375,51.63999938964844,1.0669056177139282,18279.784,5.4,236.222,190.9,442967.0,101.244,141202.0,1190.0
14,2015-04-19,13.890000343322754,1.850000023841858,2.505000114440918,1202.9000244140625,55.7400016784668,1.0755579471588137,18279.784,5.4,236.222,190.9,442967.0,101.244,141202.0,1190.0
15,2015-04-26,12.289999961853027,1.9170000553131104,2.617000102996826,1175.199951171875,57.150001525878906,1.0815019607543943,18279.784,5.4,236.222,190.9,442967.0,101.244,141202.0,1190.0
16,2015-05-03,12.699999809265137,2.117000102996826,2.82699990272522,1174.5,59.150001525878906,1.1214659214019775,18279.784,5.4,236.222,190.9,442967.0,101.244,141202.0,1190.0
17,2015-05-10,12.859999656677246,2.150000095367432,2.900000095367432,1189.0999755859375,59.38999938964844,1.1246949434280396,18279.784,5.4,236.222,190.9,442967.0,101.244,141202.0,1190.0
18,2015-05-17,12.380000114440918,2.1410000324249268,2.9230000972747803,1225.5,59.68999862670898,1.1404979228973389,18279.784,5.4,236.222,190.9,442967.0,101.244,141202.0,1190.0
19,2015-05-24,12.130000114440918,2.2149999141693115,2.986000061035156,1204.300048828125,59.720001220703125,1.1111851930618286,18279.784,5.4,236.222,190.9,442967.0,101.244,141202.0,1190.0
20,2015-05-31,13.84000015258789,2.095000028610229,2.8469998836517334,1189.4000244140625,60.29999923706055,1.0960345268249512,18279.784,5.4,236.222,190.9,442967.0,101.244,141202.0,1190.0
21,2015-06-07,14.210000038146973,2.4019999504089355,3.111000061035156,1167.800048828125,59.130001068115234,1.120787262916565,18279.784,5.4,236.222,190.9,442967.0,101.244,141202.0,1190.0
22,2015-06-14,13.779999732971191,2.384999990463257,3.0989999771118164,1178.800048828125,59.959999084472656,1.1240627765655518,18279.784,5.4,236.222,190.9,442967.0,101.244,141202.0,1190.0
23,2015-06-21,13.960000038146973,2.2669999599456787,3.055999994277954,1201.5,59.61000061035156,1.1370742321014404,18279.784,5.4,236.222,190.9,442967.0,101.244,141202.0,1190.0
24,2015-06-28,14.020000457763672,2.4760000705718994,3.25,1172.9000244140625,59.630001068115234,1.1202975511550903,18279.784,5.4,236.222,190.9,442967.0,101.244,141202.0,1190.0
25,2015-07-05,16.790000915527344,2.3929998874664307,3.191999912261963,1163.0,56.93000030517578,1.103363037109375,18401.626,5.2,238.034,193.9,450143.0,101.1052,141989.0,1146.0
26,2015-07-12,16.829999923706055,2.4170000553131104,3.2090001106262207,1157.699951171875,52.7400016784668,1.1063048839569092,18401.626,5.2,238.034,193.9,450143.0,101.1052,141989.0,1146.0
27,2015-07-19,11.949999809265137,2.3489999771118164,3.0829999446868896,1131.800048828125,50.88999938964844,1.0886012315750122,18401.626,5.2,238.034,193.9,450143.0,101.1052,141989.0,1146.0
28,2015-07-26,13.739999771118164,2.2709999084472656,2.970000028610229,1085.5999755859375,48.13999938964844,1.0989010334014893,18401.626,5.2,238.034,193.9,450143.0,101.1052,141989.0,1146.0
29,2015-08-02,12.119999885559082,2.2049999237060547,2.927000045776367,1094.9000244140625,47.119998931884766,1.0939244031906128,18401.626,5.2,238.034,193.9,450143.0,101.1052,141989.0,1146.0
30,2015-08-09,13.390000343322754,2.174999952316284,2.828000068664551,1094.0999755859375,43.869998931884766,1.0927051305770874,18401.626,5.2,238.034,193.9,450143.0,101.1052,141989.0,1146.0
31,2015-08-16,12.829999923706056,2.196000099182129,2.8410000801086426,1112.9000244140625,42.5,1.1160963773727417,18401.626,5.2,238.034,193.9,450143.0,101.1052,141989.0,1146.0
32,2015-08-23,28.030000686645508,2.053999900817871,2.746999979019165,1159.5999755859375,40.45000076293945,1.1236965656280518,18401.626,5.2,238.034,193.9,450143.0,101.1052,141989.0,1146.0
33,2015-08-30,26.049999237060547,2.186000108718872,2.9089999198913574,1133.0999755859375,45.220001220703125,1.1247961521148682,18401.626,5.2,238.034,193.9,450143.0,101.1052,141989.0,1146.0
34,2015-09-06,27.799999237060547,2.128000020980835,2.890000104904175,1120.5999755859375,46.04999923706055,1.1125946044921875,18401.626,5.2,238.034,193.9,450143.0,101.1052,141989.0,1146.0
35,2015-09-13,23.200000762939453,2.183000087738037,2.943000078201294,1103.5,44.630001068115234,1.1290887594223022,18401.626,5.2,238.034,193.9,450143.0,101.1052,141989.0,1146.0
36,2015-09-20,22.280000686645508,2.130000114440918,2.928999900817871,1138.0999755859375,44.68000030517578,1.1400948762893677,18401.626,5.2,238.034,193.9,450143.0,101.1052,141989.0,1146.0
37,2015-09-27,23.6200008392334,2.1679999828338623,2.9600000381469727,1146.0,45.70000076293945,1.1178929805755615,18401.626,5.2,238.034,193.9,450143.0,101.1052,141989.0,1146.0
38,2015-10-04,20.940000534057617,1.9889999628067017,2.825999975204468,1137.0999755859375,45.540000915527344,1.1193444728851318,18435.137,5.0,237.733,187.5,446905.0,100.1871,142584.0,1058.0
39,2015-10-11,17.079999923706055,2.0989999771118164,2.927000045776367,1156.300048828125,49.630001068115234,1.1286935806274414,18435.137,5.0,237.733,187.5,446905.0,100.1871,142584.0,1058.0
40,2015-10-18,15.050000190734863,2.0230000019073486,2.864000082015991,1183.5999755859375,47.2599983215332,1.1368157863616943,18435.137,5.0,237.733,187.5,446905.0,100.1871,142584.0,1058.0
41,2015-10-25,14.460000038146973,2.0829999446868896,2.8959999084472656,1163.300048828125,44.59999847412109,1.108094573020935,18435.137,5.0,237.733,187.5,446905.0,100.1871,142584.0,1058.0
42,2015-11-01,15.06999969482422,2.151000022888184,2.933000087738037,1141.5,46.59000015258789,1.099384307861328,18435.137,5.0,237.733,187.5,446905.0,100.1871,142584.0,1058.0
43,2015-11-08,14.329999923706056,2.3329999446868896,3.08899998664856,1087.5999755859375,44.290000915527344,1.0883997678756714,18435.137,5.0,237.733,187.5,446905.0,100.1871,142584.0,1058.0
44,2015-11-15,20.07999992370605,2.2799999713897705,3.058000087738037,1080.800048828125,40.7400016784668,1.0815019607543943,18435.137,5.0,237.733,187.5,446905.0,100.1871,142584.0,1058.0
45,2015-11-22,15.470000267028809,2.26200008392334,3.0179998874664307,1076.4000244140625,40.38999938964844,1.0726161003112793,18435.137,5.0,237.733,187.5,446905.0,100.1871,142584.0,1058.0
46,2015-11-29,15.119999885559082,2.2249999046325684,3.000999927520752,1056.199951171875,41.709999084472656,1.0604453086853027,18435.137,5.0,237.733,187.5,446905.0,100.1871,142584.0,1058.0
47,2015-12-06,14.8100004196167,2.275000095367432,3.009999990463257,1084.5,39.970001220703125,1.0915957689285278,18435.137,5.0,237.733,187.5,446905.0,100.1871,142584.0,1058.0
48,2015-12-13,24.38999938964844,2.138999938964844,2.878999948501587,1076.9000244140625,35.619998931884766,1.0948106050491333,18435.137,5.0,237.733,187.5,446905.0,100.1871,142584.0,1058.0
49,2015-12-20,20.700000762939453,2.1989998817443848,2.9100000858306885,1066.199951171875,34.72999954223633,1.0844104290008545,18435.137,5.0,237.733,187.5,446905.0,100.1871,142584.0,1058.0
50,2015-12-27,15.739999771118164,2.243000030517578,2.96399998664856,1077.199951171875,38.09999847412109,1.0909169912338257,18435.137,5.0,237.733,187.5,446905.0,100.1871,142584.0,1058.0
51,2016-01-03,18.209999084472656,2.2690000534057617,3.015000104904175,1060.300048828125,37.040000915527344,1.093398094177246,18525.933,4.8,237.652,182.6,447376.0,99.4558,143196.0,1092.0
52,2016-01-10,27.01000022888184,2.130000114440918,2.9200000762939453,1097.800048828125,33.15999984741211,1.0925976037979126,18525.933,4.8,237.652,182.6,447376.0,99.4558,143196.0,1092.0
53,2016-01-17,27.020000457763672,2.032999992370605,2.812999963760376,1091.5,29.420000076293945,1.085894227027893,18525.933,4.8,237.652,182.6,447376.0,99.4558,143196.0,1092.0
54,2016-01-24,22.34000015258789,2.0480000972747803,2.819999933242798,1097.199951171875,32.189998626708984,1.0862009525299072,18525.933,4.8,237.652,182.6,447376.0,99.4558,143196.0,1092.0
55,2016-01-31,20.200000762939453,1.930999994277954,2.757999897003174,1116.4000244140625,33.619998931884766,1.0936970710754397,18525.933,4.8,237.652,182.6,447376.0,99.4558,143196.0,1092.0
56,2016-02-07,23.3799991607666,1.8480000495910645,2.681999921798706,1157.800048828125,30.88999938964844,1.119996428489685,18525.933,4.8,237.652,182.6,447376.0,99.4558,143196.0,1092.0
57,2016-02-14,25.39999961853028,1.7480000257492063,2.6050000190734863,1239.0999755859375,29.440000534057617,1.1317979097366333,18525.933,4.8,237.652,182.6,447376.0,99.4558,143196.0,1092.0
58,2016-02-21,20.530000686645508,1.7480000257492063,2.6050000190734863,1230.4000244140625,29.63999938964844,1.1110987663269043,18525.933,4.8,237.652,182.6,447376.0,99.4558,143196.0,1092.0
59,2016-02-28,19.809999465942383,1.7619999647140503,2.635999917984009,1219.800048828125,32.779998779296875,1.1024993658065796,18525.933,4.8,237.652,182.6,447376.0,99.4558,143196.0,1092.0
60,2016-03-06,16.860000610351562,1.883000016212464,2.703000068664551,1269.9000244140625,35.91999816894531,1.094894528388977,18525.933,4.8,237.652,182.6,447376.0,99.4558,143196.0,1092.0
61,2016-03-13,16.5,1.976999998092652,2.747999906539917,1258.699951171875,38.5,1.1178430318832395,18525.933,4.8,237.652,182.6,447376.0,99.4558,143196.0,1092.0
62,2016-03-20,14.020000457763672,1.871000051498413,2.6730000972747803,1253.800048828125,39.43999862670898,1.1317979097366333,18525.933,4.8,237.652,182.6,447376.0,99.4558,143196.0,1092.0
63,2016-03-27,14.739999771118164,1.899999976158142,2.671999931335449,1221.4000244140625,39.459999084472656,1.118105411529541,18525.933,4.8,237.652,182.6,447376.0,99.4558,143196.0,1092.0
64,2016-04-03,13.100000381469728,1.7920000553131104,2.619999885559082,1222.199951171875,36.790000915527344,1.1379671096801758,18711.702,5.1,238.992,183.2,452238.0,98.4669,143856.0,1163.0
65,2016-04-10,15.359999656677246,1.7200000286102295,2.555999994277954,1242.5,39.720001220703125,1.1373976469039917,18711.702,5.1,238.992,183.2,452238.0,98.4669,143856.0,1163.0
66,2016-04-17,13.619999885559082,1.7519999742507937,2.562000036239624,1233.0999755859375,40.36000061035156,1.1270017623901367,18711.702,5.1,238.992,183.2,452238.0,98.4669,143856.0,1163.0
67,2016-04-24,13.220000267028809,1.888000011444092,2.7039999961853027,1228.699951171875,43.72999954223633,1.12920343875885,18711.702,5.1,238.992,183.2,452238.0,98.4669,143856.0,1163.0
68,2016-05-01,15.699999809265137,1.819000005722046,2.66599988937378,1289.199951171875,45.91999816894531,1.135589361190796,18711.702,5.1,238.992,183.2,452238.0,98.4669,143856.0,1163.0
69,2016-05-08,14.720000267028809,1.7790000438690186,2.628000020980835,1292.9000244140625,44.65999984741211,1.1406019926071167,18711.702,5.1,238.992,183.2,452238.0,98.4669,143856.0,1163.0
70,2016-05-15,15.039999961853027,1.7050000429153442,2.552999973297119,1271.9000244140625,46.209999084472656,1.1376951932907104,18711.702,5.1,238.992,183.2,452238.0,98.4669,143856.0,1163.0
71,2016-05-22,15.199999809265137,1.8489999771118164,2.638999938964844,1252.4000244140625,47.75,1.1205987930297852,18711.702,5.1,238.992,183.2,452238.0,98.4669,143856.0,1163.0
72,2016-05-29,13.119999885559082,1.8509999513626096,2.650000095367432,1213.800048828125,49.33000183105469,1.1192066669464111,18711.702,5.1,238.992,183.2,452238.0,98.4669,143856.0,1163.0
73,2016-06-05,13.470000267028809,1.7039999961853027,2.5169999599456787,1240.0999755859375,48.619998931884766,1.115200161933899,18711.702,5.1,238.992,183.2,452238.0,98.4669,143856.0,1163.0
74,2016-06-12,17.030000686645508,1.6390000581741333,2.447000026702881,1273.4000244140625,49.06999969482422,1.131503343582153,18711.702,5.1,238.992,183.2,452238.0,98.4669,143856.0,1163.0
75,2016-06-19,19.40999984741211,1.618000030517578,2.431999921798706,1292.5,47.97999954223633,1.1252011060714722,18711.702,5.1,238.992,183.2,452238.0,98.4669,143856.0,1163.0
76,2016-06-26,25.76000022888184,1.5789999961853027,2.430000066757202,1320.0,47.63999938964844,1.1324002742767334,18711.702,5.1,238.992,183.2,452238.0,98.4669,143856.0,1163.0
77,2016-07-03,14.770000457763672,1.4559999704360962,2.240999937057495,1336.699951171875,48.9900016784668,1.1106051206588743,18892.639,4.8,240.101,187.7,457894.0,98.836,144515.0,1239.0
78,2016-07-10,13.199999809265137,1.366000056266785,2.109999895095825,1356.5999755859375,45.40999984741211,1.1065741777420044,18892.639,4.8,240.101,187.7,457894.0,98.836,144515.0,1239.0
79,2016-07-17,12.670000076293944,1.593999981880188,2.302000045776367,1326.5,45.95000076293945,1.1106051206588743,18892.639,4.8,240.101,187.7,457894.0,98.836,144515.0,1239.0
80,2016-07-24,12.020000457763672,1.5700000524520874,2.29099988937378,1323.0999755859375,44.18999862670898,1.1032899618148804,18892.639,4.8,240.101,187.7,457894.0,98.836,144515.0,1239.0
81,2016-07-31,11.869999885559082,1.4579999446868896,2.181999921798706,1349.0,41.59999847412109,1.108438491821289,18892.639,4.8,240.101,187.7,457894.0,98.836,144515.0,1239.0
82,2016-08-07,11.390000343322754,1.5820000171661377,2.309999942779541,1336.4000244140625,41.79999923706055,1.1134741306304932,18892.639,4.8,240.101,187.7,457894.0,98.836,144515.0,1239.0
83,2016-08-14,11.550000190734863,1.5149999856948853,2.234999895095825,1335.800048828125,44.4900016784668,1.113908290863037,18892.639,4.8,240.101,187.7,457894.0,98.836,144515.0,1239.0
84,2016-08-21,11.34000015258789,1.5779999494552612,2.2850000858306885,1340.4000244140625,48.52000045776367,1.1349449157714844,18892.639,4.8,240.101,187.7,457894.0,98.836,144515.0,1239.0
85,2016-08-28,13.649999618530272,1.6349999904632568,2.2960000038146973,1321.5,47.63999938964844,1.1290504932403564,18892.639,4.8,240.101,187.7,457894.0,98.836,144515.0,1239.0
86,2016-09-04,11.979999542236328,1.5959999561309814,2.2709999084472656,1322.0999755859375,44.43999862670898,1.1200717687606812,18892.639,4.8,240.101,187.7,457894.0,98.836,144515.0,1239.0
87,2016-09-11,17.5,1.6720000505447388,2.390000104904175,1330.0999755859375,45.880001068115234,1.1271415948867798,18892.639,4.8,240.101,187.7,457894.0,98.836,144515.0,1239.0
88,2016-09-18,15.369999885559082,1.7009999752044678,2.450999975204468,1305.800048828125,43.02999877929688,1.124593734741211,18892.639,4.8,240.101,187.7,457894.0,98.836,144515.0,1239.0
89,2016-09-25,12.289999961853027,1.6150000095367432,2.3399999141693115,1337.199951171875,44.47999954223633,1.1210134029388428,18892.639,4.8,240.101,187.7,457894.0,98.836,144515.0,1239.0
90,2016-10-02,13.289999961853027,1.6080000400543213,2.3359999656677246,1313.300048828125,48.2400016784668,1.121956706047058,19089.379,4.9,241.741,186.7,462362.0,98.7322,145069.0,1313.0
91,2016-10-09,13.479999542236328,1.7359999418258667,2.4679999351501465,1248.9000244140625,49.810001373291016,1.1144545078277588,19089.379,4.9,241.741,186.7,462362.0,98.7322,145069.0,1313.0
92,2016-10-16,16.1200008392334,1.7940000295639038,2.555000066757202,1253.0999755859375,50.34999847412109,1.1049723625183103,19089.379,4.9,241.741,186.7,462362.0,98.7322,145069.0,1313.0
93,2016-10-23,13.34000015258789,1.7400000095367432,2.492000102996826,1265.9000244140625,50.84999847412109,1.0930395126342771,19089.379,4.9,241.741,186.7,462362.0,98.7322,145069.0,1313.0
94,2016-10-30,16.190000534057617,1.8450000286102293,2.615999937057495,1275.5,48.70000076293945,1.0900371074676514,19089.379,4.9,241.741,186.7,462362.0,98.7322,145069.0,1313.0
95,2016-11-06,22.51000022888184,1.7829999923706057,2.571000099182129,1303.300048828125,44.06999969482422,1.1102476119995115,19089.379,4.9,241.741,186.7,462362.0,98.7322,145069.0,1313.0
96,2016-11-13,14.170000076293944,2.117000102996826,2.927999973297119,1265.5,44.65999984741211,1.0889687538146973,19089.379,4.9,241.741,186.7,462362.0,98.7322,145069.0,1313.0
97,2016-11-20,12.850000381469728,2.3350000381469727,3.0160000324249268,1208.5,45.68999862670898,1.062304139137268,19089.379,4.9,241.741,186.7,462362.0,98.7322,145069.0,1313.0
98,2016-11-27,12.34000015258789,2.371999979019165,3.0220000743865967,1178.199951171875,46.060001373291016,1.0561892986297607,19089.379,4.9,241.741,186.7,462362.0,98.7322,145069.0,1313.0
99,2016-12-04,14.119999885559082,2.390000104904175,3.061000108718872,1175.0999755859375,51.68000030517578,1.0663141012191772,19089.379,4.9,241.741,186.7,462362.0,98.7322,145069.0,1313.0
100,2016-12-11,11.75,2.46399998664856,3.1540000438690186,1159.4000244140625,51.5,1.062134861946106,19089.379,4.9,241.741,186.7,462362.0,98.7322,145069.0,1313.0
101,2016-12-18,12.199999809265137,2.5969998836517334,3.184000015258789,1135.300048828125,51.900001525878906,1.0418837070465088,19089.379,4.9,241.741,186.7,462362.0,98.7322,145069.0,1313.0
102,2016-12-25,11.4399995803833,2.5429999828338623,3.115999937057495,1131.9000244140625,53.02000045776367,1.0437650680541992,19089.379,4.9,241.741,186.7,462362.0,98.7322,145069.0,1313.0
103,2017-01-01,14.039999961853027,2.446000099182129,3.062999963760376,1150.0,53.720001220703125,1.0575296878814695,19280.084,4.7,243.618,190.7,473019.0,98.7987,145636.0,1190.0
104,2017-01-08,11.31999969482422,2.4179999828338623,3.003999948501587,1171.9000244140625,53.9900016784668,1.0605915784835815,19280.084,4.7,243.618,190.7,473019.0,98.7987,145636.0,1190.0
105,2017-01-15,11.229999542236328,2.380000114440918,2.976999998092652,1195.300048828125,52.369998931884766,1.0616837739944458,19280.084,4.7,243.618,190.7,473019.0,98.7987,145636.0,1190.0
106,2017-01-22,11.539999961853027,2.4670000076293945,3.0460000038146973,1204.300048828125,52.41999816894531,1.0659730434417725,19280.084,4.7,243.618,190.7,473019.0,98.7987,145636.0,1190.0
107,2017-01-29,10.579999923706056,2.4809999465942383,3.059000015258789,1188.0999755859375,53.16999816894531,1.068296194076538,19280.084,4.7,243.618,190.7,473019.0,98.7987,145636.0,1190.0
108,2017-02-05,10.970000267028809,2.490999937057495,3.114000082015991,1218.5,53.83000183105469,1.0761713981628418,19280.084,4.7,243.618,190.7,473019.0,98.7987,145636.0,1190.0
109,2017-02-12,10.850000381469728,2.4089999198913574,3.01200008392334,1234.4000244140625,53.86000061035156,1.0658594369888306,19280.084,4.7,243.618,190.7,473019.0,98.7987,145636.0,1190.0
110,2017-02-19,11.489999771118164,2.424999952316284,3.0309998989105225,1237.5999755859375,53.400001525878906,1.0672245025634766,19280.084,4.7,243.618,190.7,473019.0,98.7987,145636.0,1190.0
111,2017-02-26,11.470000267028809,2.316999912261963,2.9549999237060547,1256.9000244140625,53.9900016784668,1.0584474802017212,19280.084,4.7,243.618,190.7,473019.0,98.7987,145636.0,1190.0
112,2017-03-05,10.960000038146973,2.492000102996826,3.0840001106262207,1225.5,53.33000183105469,1.0509721040725708,19280.084,4.7,243.618,190.7,473019.0,98.7987,145636.0,1190.0
113,2017-03-12,11.65999984741211,2.5820000171661377,3.1689999103546143,1200.699951171875,48.4900016784668,1.0578428506851196,19280.084,4.7,243.618,190.7,473019.0,98.7987,145636.0,1190.0
114,2017-03-19,11.279999732971191,2.500999927520752,3.11299991607666,1229.800048828125,48.77999877929688,1.077470064163208,19280.084,4.7,243.618,190.7,473019.0,98.7987,145636.0,1190.0
115,2017-03-26,12.960000038146973,2.400000095367432,3.002000093460083,1248.199951171875,47.970001220703125,1.0783880949020386,19280.084,4.7,243.618,190.7,473019.0,98.7987,145636.0,1190.0
116,2017-04-02,12.369999885559082,2.3959999084472656,3.0179998874664307,1247.300048828125,50.59999847412109,1.0687072277069092,19438.643,4.4,244.193,193.0,473986.0,100.0082,146173.0,1146.0
117,2017-04-09,12.869999885559082,2.372999906539917,2.997999906539917,1254.300048828125,52.2400016784668,1.0644639730453491,19438.643,4.4,244.193,193.0,473986.0,100.0082,146173.0,1146.0
118,2017-04-16,15.960000038146973,2.2320001125335693,2.888000011444092,1285.9000244140625,53.18000030517578,1.0670650005340576,19438.643,4.4,244.193,193.0,473986.0,100.0082,146173.0,1146.0
119,2017-04-23,14.630000114440918,2.236999988555908,2.8949999809265137,1287.4000244140625,49.619998931884766,1.0714898109436035,19438.643,4.4,244.193,193.0,473986.0,100.0082,146173.0,1146.0
120,2017-04-30,10.81999969482422,2.282000064849853,2.95199990272522,1266.0999755859375,49.33000183105469,1.0864251852035522,19438.643,4.4,244.193,193.0,473986.0,100.0082,146173.0,1146.0
121,2017-05-07,10.56999969482422,2.351999998092652,2.989000082015991,1224.800048828125,46.220001220703125,1.098152995109558,19438.643,4.4,244.193,193.0,473986.0,100.0082,146173.0,1146.0
122,2017-05-14,10.399999618530272,2.3350000381469727,2.99399995803833,1226.199951171875,47.84000015258789,1.086495876312256,19438.643,4.4,244.193,193.0,473986.0,100.0082,146173.0,1146.0
123,2017-05-21,12.039999961853027,2.244999885559082,2.9049999713897705,1252.699951171875,50.33000183105469,1.1113580465316772,19438.643,4.4,244.193,193.0,473986.0,100.0082,146173.0,1146.0
124,2017-05-28,9.8100004196167,2.25,2.91599988937378,1267.5999755859375,49.79999923706055,1.121076226234436,19438.643,4.4,244.193,193.0,473986.0,100.0082,146173.0,1146.0
125,2017-06-04,9.75,2.1589999198913574,2.812999963760376,1276.800048828125,47.65999984741211,1.1215791702270508,19438.643,4.4,244.193,193.0,473986.0,100.0082,146173.0,1146.0
126,2017-06-11,10.699999809265137,2.1989998817443848,2.8540000915527344,1268.5,45.83000183105469,1.118480563163757,19438.643,4.4,244.193,193.0,473986.0,100.0082,146173.0,1146.0
127,2017-06-18,10.380000114440918,2.157000064849853,2.782000064849853,1254.0,44.7400016784668,1.1146905422210691,19438.643,4.4,244.193,193.0,473986.0,100.0082,146173.0,1146.0
128,2017-06-25,10.020000457763672,2.1440000534057617,2.71399998664856,1256.199951171875,43.0099983215332,1.1149640083312988,19438.643,4.4,244.193,193.0,473986.0,100.0082,146173.0,1146.0
129,2017-07-02,11.18000030517578,2.302000045776367,2.8399999141693115,1240.699951171875,46.040000915527344,1.144164800643921,19692.595,4.3,244.243,193.5,473552.0,100.0947,146772.0,1206.0
130,2017-07-09,11.1899995803833,2.3929998874664307,2.934999942779541,1208.5999755859375,44.22999954223633,1.1424784660339355,19692.595,4.3,244.243,193.5,473552.0,100.0947,146772.0,1206.0
131,2017-07-16,9.510000228881836,2.319000005722046,2.9100000858306885,1226.5999755859375,46.540000915527344,1.140393853187561,19692.595,4.3,244.243,193.5,473552.0,100.0947,146772.0,1206.0
132,2017-07-23,9.359999656677246,2.2320001125335693,2.802000045776367,1254.300048828125,45.77000045776367,1.1628718376159668,19692.595,4.3,244.243,193.5,473552.0,100.0947,146772.0,1206.0
133,2017-07-30,10.289999961853027,2.2890000343322754,2.8919999599456787,1268.4000244140625,49.709999084472656,1.1688660383224487,19692.595,4.3,244.243,193.5,473552.0,100.0947,146772.0,1206.0
134,2017-08-06,10.029999732971191,2.2669999599456787,2.844000101089477,1258.300048828125,49.58000183105469,1.1884952783584597,19692.595,4.3,244.243,193.5,473552.0,100.0947,146772.0,1206.0
135,2017-08-13,15.510000228881836,2.188999891281128,2.7869999408721924,1287.699951171875,48.81999969482422,1.177024483680725,19692.595,4.3,244.243,193.5,473552.0,100.0947,146772.0,1206.0
136,2017-08-20,14.260000228881836,2.194000005722046,2.7769999504089355,1285.699951171875,48.5099983215332,1.171550154685974,19692.595,4.3,244.243,193.5,473552.0,100.0947,146772.0,1206.0
137,2017-08-27,11.279999732971191,2.1689999103546143,2.750999927520752,1292.5,47.869998931884766,1.1802195310592651,19692.595,4.3,244.243,193.5,473552.0,100.0947,146772.0,1206.0
138,2017-09-03,10.130000114440918,2.157000064849853,2.7679998874664307,1324.5,47.290000915527344,1.191043257713318,19692.595,4.3,244.243,193.5,473552.0,100.0947,146772.0,1206.0
139,2017-09-10,12.119999885559082,2.061000108718872,2.678999900817871,1346.0,47.47999954223633,1.2029062509536743,19692.595,4.3,244.243,193.5,473552.0,100.0947,146772.0,1206.0
140,2017-09-17,10.170000076293944,2.20199990272522,2.7720000743865967,1320.4000244140625,49.88999938964844,1.1921650171279907,19692.595,4.3,244.243,193.5,473552.0,100.0947,146772.0,1206.0
141,2017-09-24,9.59000015258789,2.26200008392334,2.7960000038146973,1293.300048828125,50.65999984741211,1.194557547569275,19692.595,4.3,244.243,193.5,473552.0,100.0947,146772.0,1206.0
142,2017-10-01,9.510000228881836,2.325999975204468,2.8570001125335693,1281.5,51.66999816894531,1.178175449371338,20037.088,4.2,246.626,194.9,484848.0,100.9981,147146.0,1257.0
143,2017-10-08,9.649999618530272,2.369999885559082,2.9059998989105225,1271.5999755859375,49.290000915527344,1.1712344884872437,20037.088,4.2,246.626,194.9,484848.0,100.9981,147146.0,1257.0
144,2017-10-15,9.609999656677246,2.2799999713897705,2.812000036239624,1301.5,51.45000076293945,1.1831799745559692,20037.088,4.2,246.626,194.9,484848.0,100.9981,147146.0,1257.0
145,2017-10-22,9.970000267028809,2.38100004196167,2.8940000534057617,1277.4000244140625,51.470001220703125,1.184805989265442,20037.088,4.2,246.626,194.9,484848.0,100.9981,147146.0,1257.0
146,2017-10-29,9.800000190734863,2.427999973297119,2.936000108718872,1268.5,53.900001525878906,1.163724422454834,20037.088,4.2,246.626,194.9,484848.0,100.9981,147146.0,1257.0
147,2017-11-05,9.140000343322754,2.3429999351501465,2.822000026702881,1266.5,55.63999938964844,1.1661807298660278,20037.088,4.2,246.626,194.9,484848.0,100.9981,147146.0,1257.0
148,2017-11-12,11.289999961853027,2.400000095367432,2.880000114440918,1272.4000244140625,56.7400016784668,1.164686679840088,20037.088,4.2,246.626,194.9,484848.0,100.9981,147146.0,1257.0
149,2017-11-19,11.43000030517578,2.3540000915527344,2.7929999828338623,1295.800048828125,56.54999923706055,1.177745342254639,20037.088,4.2,246.626,194.9,484848.0,100.9981,147146.0,1257.0
150,2017-11-26,9.670000076293944,2.3399999141693115,2.76200008392334,1286.699951171875,58.95000076293945,1.1853959560394287,20037.088,4.2,246.626,194.9,484848.0,100.9981,147146.0,1257.0
151,2017-12-03,11.43000030517578,2.361999988555908,2.757999897003174,1278.800048828125,58.36000061035156,1.1898245811462402,20037.088,4.2,246.626,194.9,484848.0,100.9981,147146.0,1257.0
152,2017-12-10,9.579999923706056,2.382999897003174,2.775000095367432,1245.199951171875,57.36000061035156,1.1772184371948242,20037.088,4.2,246.626,194.9,484848.0,100.9981,147146.0,1257.0
153,2017-12-17,9.420000076293944,2.3550000190734863,2.688999891281128,1254.300048828125,57.29999923706055,1.1774957180023191,20037.088,4.2,246.626,194.9,484848.0,100.9981,147146.0,1257.0
154,2017-12-24,9.899999618530272,2.484999895095825,2.8329999446868896,1275.4000244140625,58.470001220703125,1.185733199119568,20037.088,4.2,246.626,194.9,484848.0,100.9981,147146.0,1257.0
155,2017-12-31,11.039999961853027,2.4049999713897705,2.739000082015991,1306.300048828125,60.41999816894531,1.1941723823547363,20037.088,4.2,246.626,194.9,484848.0,100.9981,147146.0,1257.0
156,2018-01-07,9.220000267028809,2.4760000705718994,2.811000108718872,1320.300048828125,61.43999862670898,1.2068840265274048,20328.553,4.0,248.859,197.9,490426.0,101.3939,147667.0,1299.0
157,2018-01-14,10.15999984741211,2.552000045776367,2.852999925613404,1333.4000244140625,64.30000305175781,1.2042099237442017,20328.553,4.0,248.859,197.9,490426.0,101.3939,147667.0,1299.0
158,2018-01-21,11.270000457763672,2.63700008392334,2.9119999408721924,1331.9000244140625,63.369998931884766,1.2236607074737549,20328.553,4.0,248.859,197.9,490426.0,101.3939,147667.0,1299.0
159,2018-01-28,11.079999923706056,2.6619999408721924,2.9119999408721924,1351.5999755859375,66.13999938964844,1.239234209060669,20328.553,4.0,248.859,197.9,490426.0,101.3939,147667.0,1299.0
160,2018-02-04,17.309999465942383,2.8540000915527344,3.0969998836517334,1333.699951171875,65.44999694824219,1.2510008811950684,20328.553,4.0,248.859,197.9,490426.0,101.3939,147667.0,1299.0
161,2018-02-11,29.059999465942383,2.8289999961853027,3.135999917984009,1313.0999755859375,59.20000076293945,1.2260762453079224,20328.553,4.0,248.859,197.9,490426.0,101.3939,147667.0,1299.0
162,2018-02-18,19.459999084472656,2.877000093460083,3.135999917984009,1353.199951171875,61.68000030517578,1.2503595352172852,20328.553,4.0,248.859,197.9,490426.0,101.3939,147667.0,1299.0
163,2018-02-25,16.489999771118164,2.871000051498413,3.1600000858306885,1328.199951171875,63.54999923706055,1.2326656579971311,20328.553,4.0,248.859,197.9,490426.0,101.3939,147667.0,1299.0
164,2018-03-04,19.59000015258789,2.8570001125335693,3.13100004196167,1321.0999755859375,61.25,1.2270842790603638,20328.553,4.0,248.859,197.9,490426.0,101.3939,147667.0,1299.0
165,2018-03-11,14.640000343322754,2.8940000534057617,3.1589999198913574,1322.4000244140625,62.040000915527344,1.2306632995605469,20328.553,4.0,248.859,197.9,490426.0,101.3939,147667.0,1299.0
166,2018-03-18,15.800000190734863,2.8480000495910645,3.0799999237060547,1311.300048828125,62.34000015258789,1.2309207916259766,20328.553,4.0,248.859,197.9,490426.0,101.3939,147667.0,1299.0
167,2018-03-25,24.8700008392334,2.8299999237060547,3.075999975204468,1349.300048828125,65.87999725341797,1.2324985265731812,20328.553,4.0,248.859,197.9,490426.0,101.3939,147667.0,1299.0
168,2018-04-01,19.96999931335449,2.740999937057495,2.9719998836517334,1322.800048828125,64.94000244140625,1.2310267686843872,20580.912,4.0,250.227,200.3,494498.0,103.3468,148426.0,1276.0
169,2018-04-08,21.489999771118164,2.775000095367432,3.0179998874664307,1331.9000244140625,62.060001373291016,1.2251598834991455,20580.912,4.0,250.227,200.3,494498.0,103.3468,148426.0,1276.0
170,2018-04-15,17.40999984741211,2.8289999961853027,3.0360000133514404,1344.800048828125,67.38999938964844,1.2329696416854858,20580.912,4.0,250.227,200.3,494498.0,103.3468,148426.0,1276.0
171,2018-04-22,16.8799991607666,2.950999975204468,3.1419999599456787,1336.699951171875,68.37999725341797,1.2345526218414309,20580.912,4.0,250.227,200.3,494498.0,103.3468,148426.0,1276.0
172,2018-04-29,15.40999984741211,2.9570000171661377,3.125,1320.300048828125,68.0999984741211,1.2109616994857788,20580.912,4.0,250.227,200.3,494498.0,103.3468,148426.0,1276.0
173,2018-05-06,14.770000457763672,2.944000005722046,3.115000009536743,1312.699951171875,69.72000122070312,1.1989257335662842,20580.912,4.0,250.227,200.3,494498.0,103.3468,148426.0,1276.0
174,2018-05-13,12.649999618530272,2.970999956130981,3.111000061035156,1319.0,70.69999694824219,1.1917530298233032,20580.912,4.0,250.227,200.3,494498.0,103.3468,148426.0,1276.0
175,2018-05-20,13.420000076293944,3.066999912261963,3.2100000381469727,1290.199951171875,71.27999877929688,1.179523468017578,20580.912,4.0,250.227,200.3,494498.0,103.3468,148426.0,1276.0
176,2018-05-27,13.220000267028809,2.930999994277954,3.0899999141693115,1303.300048828125,67.87999725341797,1.1722642183303833,20580.912,4.0,250.227,200.3,494498.0,103.3468,148426.0,1276.0
177,2018-06-03,13.460000038146973,2.8949999809265137,3.0460000038146973,1294.800048828125,65.80999755859375,1.1693171262741089,20580.912,4.0,250.227,200.3,494498.0,103.3468,148426.0,1276.0
178,2018-06-10,12.18000030517578,2.937000036239624,3.0820000171661377,1298.0999755859375,65.73999786376953,1.179523468017578,20580.912,4.0,250.227,200.3,494498.0,103.3468,148426.0,1276.0
179,2018-06-17,11.979999542236328,2.924000024795532,3.046999931335449,1274.5999755859375,65.05999755859375,1.1566576957702637,20580.912,4.0,250.227,200.3,494498.0,103.3468,148426.0,1276.0
180,2018-06-24,13.770000457763672,2.900000095367432,3.0450000762939453,1267.4000244140625,68.58000183105469,1.1605775356292725,20580.912,4.0,250.227,200.3,494498.0,103.3468,148426.0,1276.0
181,2018-07-01,16.09000015258789,2.8489999771118164,2.9830000400543213,1251.300048828125,74.1500015258789,1.1562966108322144,20798.73,3.8,251.214,204.3,502255.0,103.3334,149023.0,1208.0
182,2018-07-08,13.369999885559082,2.8310000896453857,2.940999984741211,1254.300048828125,73.80000305175781,1.1695905923843384,20798.73,3.8,251.214,204.3,502255.0,103.3334,149023.0,1208.0
183,2018-07-15,12.18000030517578,2.8310000896453857,2.933000087738037,1239.5999755859375,71.01000213623047,1.1665889024734497,20798.73,3.8,251.214,204.3,502255.0,103.3334,149023.0,1208.0
184,2018-07-22,12.859999656677246,2.8949999809265137,3.0309998989105225,1229.5,70.45999908447266,1.1655147075653076,20798.73,3.8,251.214,204.3,502255.0,103.3334,149023.0,1208.0
185,2018-07-29,13.029999732971191,2.9600000381469727,3.088000059127808,1222.5999755859375,68.69000244140625,1.16429340839386,20798.73,3.8,251.214,204.3,502255.0,103.3334,149023.0,1208.0
186,2018-08-05,11.640000343322754,2.953000068664551,3.0929999351501465,1214.199951171875,68.48999786376953,1.1586008071899414,20798.73,3.8,251.214,204.3,502255.0,103.3334,149023.0,1208.0
187,2018-08-12,13.15999984741211,2.8570001125335693,3.0160000324249268,1211.0999755859375,67.62999725341797,1.1523923873901367,20798.73,3.8,251.214,204.3,502255.0,103.3334,149023.0,1208.0
188,2018-08-19,12.640000343322754,2.872999906539917,3.0290000438690186,1176.5,65.91000366210938,1.1371389627456665,20798.73,3.8,251.214,204.3,502255.0,103.3334,149023.0,1208.0
189,2018-08-26,11.989999771118164,2.825999975204468,2.9749999046325684,1206.300048828125,68.72000122070312,1.154334545135498,20798.73,3.8,251.214,204.3,502255.0,103.3334,149023.0,1208.0
190,2018-09-02,12.859999656677246,2.852999925613404,3.009999990463257,1200.300048828125,69.80000305175781,1.1664663553237915,20798.73,3.8,251.214,204.3,502255.0,103.3334,149023.0,1208.0
191,2018-09-09,14.880000114440918,2.941999912261963,3.102999925613404,1193.5999755859375,67.75,1.162006974220276,20798.73,3.8,251.214,204.3,502255.0,103.3334,149023.0,1208.0
192,2018-09-16,12.06999969482422,2.99399995803833,3.131999969482422,1195.0,68.98999786376953,1.169180393218994,20798.73,3.8,251.214,204.3,502255.0,103.3334,149023.0,1208.0
193,2018-09-23,11.68000030517578,3.068000078201294,3.2049999237060547,1196.199951171875,70.77999877929688,1.1775927543640137,20798.73,3.8,251.214,204.3,502255.0,103.3334,149023.0,1208.0
194,2018-09-30,12.119999885559082,3.055999994277954,3.197000026702881,1191.5,73.25,1.1637378931045532,20798.73,3.8,251.214,204.3,502255.0,103.3334,149023.0,1208.0
195,2018-10-07,14.81999969482422,3.2249999046325684,3.3949999809265137,1201.199951171875,74.33999633789062,1.1518083810806274,20917.867,3.8,252.772,204.6,505622.0,103.9397,149525.0,1221.0
196,2018-10-14,21.309999465942383,3.1410000324249268,3.315999984741211,1218.0999755859375,71.33999633789062,1.1590440273284912,20917.867,3.8,252.772,204.6,505622.0,103.9397,149525.0,1221.0
197,2018-10-21,19.88999938964844,3.197999954223633,3.384000062942505,1225.300048828125,69.12000274658203,1.1460003852844238,20917.867,3.8,252.772,204.6,505622.0,103.9397,149525.0,1221.0
198,2018-10-28,24.15999984741211,3.07699990272522,3.316999912261963,1232.5,67.58999633789062,1.1377859115600586,20917.867,3.8,252.772,204.6,505622.0,103.9397,149525.0,1221.0
199,2018-11-04,19.51000022888184,3.21399998664856,3.453000068664551,1230.9000244140625,63.13999938964844,1.140328884124756,20917.867,3.8,252.772,204.6,505622.0,103.9397,149525.0,1221.0
200,2018-11-11,17.360000610351562,3.188999891281128,3.3919999599456787,1206.4000244140625,60.18999862670898,1.1368415355682373,20917.867,3.8,252.772,204.6,505622.0,103.9397,149525.0,1221.0
201,2018-11-18,18.13999938964844,3.0739998817443848,3.32699990272522,1220.800048828125,56.459999084472656,1.1324899196624756,20917.867,3.8,252.772,204.6,505622.0,103.9397,149525.0,1221.0
202,2018-11-25,21.520000457763672,3.053999900817871,3.309999942779541,1221.0,50.41999816894531,1.1403158903121948,20917.867,3.8,252.772,204.6,505622.0,103.9397,149525.0,1221.0
203,2018-12-02,18.06999969482422,3.013000011444092,3.311000108718872,1220.199951171875,50.93000030517578,1.1392766237258911,20917.867,3.8,252.772,204.6,505622.0,103.9397,149525.0,1221.0
204,2018-12-09,23.229999542236328,2.8499999046325684,3.1429998874664307,1246.800048828125,52.61000061035156,1.1374752521514893,20917.867,3.8,252.772,204.6,505622.0,103.9397,149525.0,1221.0
205,2018-12-16,21.6299991607666,2.8910000324249268,3.1429998874664307,1237.0,51.20000076293945,1.1363636255264282,20917.867,3.8,252.772,204.6,505622.0,103.9397,149525.0,1221.0
206,2018-12-23,30.11000061035156,2.7920000553131104,3.0280001163482666,1253.800048828125,45.59000015258789,1.1456853151321411,20917.867,3.8,252.772,204.6,505622.0,103.9397,149525.0,1221.0
207,2018-12-30,28.34000015258789,2.736000061035156,3.0420000553131104,1279.9000244140625,45.33000183105469,1.143105387687683,20917.867,3.8,252.772,204.6,505622.0,103.9397,149525.0,1221.0
208,2019-01-06,21.3799991607666,2.6589999198913574,2.9739999771118164,1282.699951171875,47.959999084472656,1.1391078233718872,21104.133,4.0,252.561,199.1,500208.0,103.373,150062.0,1226.0
209,2019-01-13,18.190000534057617,2.700999975204468,3.0369999408721924,1287.0999755859375,51.59000015258789,1.151012897491455,21104.133,4.0,252.561,199.1,500208.0,103.373,150062.0,1226.0
210,2019-01-20,17.799999237060547,2.7839999198913574,3.0980000495910645,1281.300048828125,53.79999923706055,1.13926362991333,21104.133,4.0,252.561,199.1,500208.0,103.373,150062.0,1226.0
211,2019-01-27,17.420000076293945,2.753000020980835,3.062000036239624,1297.4000244140625,53.68999862670898,1.1313496828079224,21104.133,4.0,252.561,199.1,500208.0,103.373,150062.0,1226.0
212,2019-02-03,16.139999389648438,2.690999984741211,3.032000064849853,1316.9000244140625,55.2599983215332,1.1449507474899292,21104.133,4.0,252.561,199.1,500208.0,103.373,150062.0,1226.0
213,2019-02-10,15.720000267028809,2.631999969482422,2.9760000705718994,1313.699951171875,52.720001220703125,1.1338768005371094,21104.133,4.0,252.561,199.1,500208.0,103.373,150062.0,1226.0
214,2019-02-17,14.90999984741211,2.66599988937378,2.996999979019165,1318.0999755859375,55.59000015258789,1.1295350790023804,21104.133,4.0,252.561,199.1,500208.0,103.373,150062.0,1226.0
215,2019-02-24,13.510000228881836,2.6549999713897705,3.0199999809265137,1329.199951171875,57.2599983215332,1.1343011856079102,21104.133,4.0,252.561,199.1,500208.0,103.373,150062.0,1226.0
216,2019-03-03,13.56999969482422,2.755000114440918,3.124000072479248,1296.4000244140625,55.79999923706055,1.1373459100723269,21104.133,4.0,252.561,199.1,500208.0,103.373,150062.0,1226.0
217,2019-03-10,16.049999237060547,2.625,3.009000062942505,1297.0,56.06999969482422,1.1198333501815796,21104.133,4.0,252.561,199.1,500208.0,103.373,150062.0,1226.0
218,2019-03-17,12.880000114440918,2.5929999351501465,3.0199999809265137,1301.800048828125,58.52000045776367,1.1308379173278809,21104.133,4.0,252.561,199.1,500208.0,103.373,150062.0,1226.0
219,2019-03-24,16.479999542236328,2.4549999237060547,2.888999938964844,1311.5999755859375,59.040000915527344,1.1375011205673218,21104.133,4.0,252.561,199.1,500208.0,103.373,150062.0,1226.0
220,2019-03-31,13.710000038146973,2.4140000343322754,2.822000026702881,1293.0,60.13999938964844,1.1230024099349976,21104.133,4.0,252.561,199.1,500208.0,103.373,150062.0,1226.0
221,2019-04-07,12.81999969482422,2.500999927520752,2.9089999198913574,1290.4000244140625,63.08000183105469,1.1225864887237549,21384.775,3.7,255.233,202.1,509564.0,102.2481,150602.0,1272.0
222,2019-04-14,12.010000228881836,2.559999942779541,2.970999956130981,1290.5999755859375,63.88999938964844,1.1260753870010376,21384.775,3.7,255.233,202.1,509564.0,102.2481,150602.0,1272.0
223,2019-04-21,12.09000015258789,2.559999942779541,2.9590001106262207,1271.9000244140625,64.0,1.129713773727417,21384.775,3.7,255.233,202.1,509564.0,102.2481,150602.0,1272.0
224,2019-04-28,12.729999542236328,2.505000114440918,2.927000045776367,1284.9000244140625,63.29999923706055,1.113684892654419,21384.775,3.7,255.233,202.1,509564.0,102.2481,150602.0,1272.0
225,2019-05-05,12.869999885559082,2.5309998989105225,2.9260001182556152,1279.199951171875,61.93999862670898,1.1173559427261353,21384.775,3.7,255.233,202.1,509564.0,102.2481,150602.0,1272.0
226,2019-05-12,16.040000915527344,2.4549999237060547,2.872999906539917,1285.699951171875,61.65999984741211,1.1222084760665894,21384.775,3.7,255.233,202.1,509564.0,102.2481,150602.0,1272.0
227,2019-05-19,15.960000038146973,2.3929998874664307,2.8239998817443848,1274.5,62.7599983215332,1.1173559427261353,21384.775,3.7,255.233,202.1,509564.0,102.2481,150602.0,1272.0
228,2019-05-26,15.850000381469728,2.3239998817443848,2.752000093460083,1283.0,58.630001068115234,1.1184556484222412,21384.775,3.7,255.233,202.1,509564.0,102.2481,150602.0,1272.0
229,2019-06-02,18.709999084472656,2.1419999599456787,2.5829999446868896,1305.800048828125,53.5,1.1131147146224976,21384.775,3.7,255.233,202.1,509564.0,102.2481,150602.0,1272.0
230,2019-06-09,16.299999237060547,2.0840001106262207,2.571000099182129,1341.199951171875,53.9900016784668,1.127650022506714,21384.775,3.7,255.233,202.1,509564.0,102.2481,150602.0,1272.0
231,2019-06-16,15.279999732971191,2.0929999351501465,2.5920000076293945,1340.0999755859375,52.5099983215332,1.128044366836548,21384.775,3.7,255.233,202.1,509564.0,102.2481,150602.0,1272.0
232,2019-06-23,15.399999618530272,2.068000078201294,2.5920000076293945,1396.199951171875,57.43000030517578,1.1295605897903442,21384.775,3.7,255.233,202.1,509564.0,102.2481,150602.0,1272.0
233,2019-06-30,15.079999923706056,2.0,2.5280001163482666,1409.699951171875,58.470001220703125,1.1372941732406616,21384.775,3.7,255.233,202.1,509564.0,102.2481,150602.0,1272.0
234,2019-07-07,13.279999732971191,2.0480000972747803,2.549000024795532,1396.699951171875,57.5099983215332,1.128579020500183,21694.282,3.7,255.802,200.7,518274.0,102.0236,150934.0,1240.0
235,2019-07-14,12.390000343322754,2.1059999465942383,2.632999897003174,1409.9000244140625,60.209999084472656,1.1252391338348389,21694.282,3.7,255.802,200.7,518274.0,102.0236,150934.0,1240.0
236,2019-07-21,14.449999809265137,2.0480000972747803,2.578000068664551,1425.0999755859375,55.630001068115234,1.1261515617370603,21694.282,3.7,255.802,200.7,518274.0,102.0236,150934.0,1240.0
237,2019-07-28,12.15999984741211,2.0810000896453857,2.6010000705718994,1418.5,56.20000076293945,1.1146159172058103,21694.282,3.7,255.802,200.7,518274.0,102.0236,150934.0,1240.0
238,2019-08-04,17.610000610351562,1.8550000190734863,2.3910000324249268,1445.5999755859375,55.65999984741211,1.1078859567642212,21694.282,3.7,255.802,200.7,518274.0,102.0236,150934.0,1240.0
239,2019-08-11,17.969999313354492,1.7339999675750732,2.247999906539917,1496.5999755859375,54.5,1.1187183856964111,21694.282,3.7,255.802,200.7,518274.0,102.0236,150934.0,1240.0
240,2019-08-18,18.46999931335449,1.5390000343322754,2.0,1512.5,54.869998931884766,1.1113580465316772,21694.282,3.7,255.802,200.7,518274.0,102.0236,150934.0,1240.0
241,2019-08-25,19.8700008392334,1.527999997138977,2.025000095367432,1526.5999755859375,54.16999816894531,1.108401656150818,21694.282,3.7,255.802,200.7,518274.0,102.0236,150934.0,1240.0
242,2019-09-01,18.979999542236328,1.50600004196167,1.9700000286102293,1519.0999755859375,55.09999847412109,1.1061947345733645,21694.282,3.7,255.802,200.7,518274.0,102.0236,150934.0,1240.0
243,2019-09-08,15.0,1.5499999523162842,2.0199999809265137,1506.199951171875,56.52000045776367,1.1036310195922852,21694.282,3.7,255.802,200.7,518274.0,102.0236,150934.0,1240.0
244,2019-09-15,13.739999771118164,1.902999997138977,2.378000020980835,1490.9000244140625,54.84999847412109,1.1058276891708374,21694.282,3.7,255.802,200.7,518274.0,102.0236,150934.0,1240.0
245,2019-09-22,15.31999969482422,1.7549999952316284,2.1989998817443848,1507.300048828125,58.09000015258789,1.1048502922058103,21694.282,3.7,255.802,200.7,518274.0,102.0236,150934.0,1240.0
246,2019-09-29,17.219999313354492,1.6749999523162842,2.124000072479248,1499.0999755859375,55.90999984741211,1.0922753810882568,21694.282,3.7,255.802,200.7,518274.0,102.0236,150934.0,1240.0
247,2019-10-06,17.040000915527344,1.5149999856948853,2.015000104904175,1506.199951171875,52.810001373291016,1.0975382328033447,21902.39,3.6,257.155,198.6,519795.0,101.6022,151458.0,1325.0
248,2019-10-13,15.579999923706056,1.7519999742507937,2.2149999141693115,1482.699951171875,54.70000076293945,1.1011033058166504,21902.39,3.6,257.155,198.6,519795.0,101.6022,151458.0,1325.0
249,2019-10-20,14.25,1.746999979019165,2.246000051498413,1488.199951171875,53.77999877929688,1.1127183437347412,21902.39,3.6,257.155,198.6,519795.0,101.6022,151458.0,1325.0
250,2019-10-27,12.649999618530272,1.8009999990463257,2.2920000553131104,1499.5,56.65999984741211,1.1103955507278442,21902.39,3.6,257.155,198.6,519795.0,101.6022,151458.0,1325.0
251,2019-11-03,12.300000190734863,1.7280000448226929,2.211999893188477,1508.0,56.20000076293945,1.1157102584838867,21902.39,3.6,257.155,198.6,519795.0,101.6022,151458.0,1325.0
252,2019-11-10,12.06999969482422,1.932999968528748,2.4170000553131104,1461.300048828125,57.2400016784668,1.1019697189331057,21902.39,3.6,257.155,198.6,519795.0,101.6022,151458.0,1325.0
253,2019-11-17,12.050000190734863,1.8339999914169312,2.311000108718872,1467.300048828125,57.720001220703125,1.1020498275756836,21902.39,3.6,257.155,198.6,519795.0,101.6022,151458.0,1325.0
254,2019-11-24,12.34000015258789,1.77400004863739,2.2230000495910645,1463.0999755859375,57.77000045776367,1.1065863370895386,21902.39,3.6,257.155,198.6,519795.0,101.6022,151458.0,1325.0
255,2019-12-01,12.619999885559082,1.7760000228881836,2.20199990272522,1465.5999755859375,55.16999816894531,1.101176142692566,21902.39,3.6,257.155,198.6,519795.0,101.6022,151458.0,1325.0
256,2019-12-08,13.619999885559082,1.8420000076293943,2.2839999198913574,1459.0999755859375,59.20000076293945,1.1105434894561768,21902.39,3.6,257.155,198.6,519795.0,101.6022,151458.0,1325.0
257,2019-12-15,12.630000114440918,1.819000005722046,2.25,1475.5999755859375,60.06999969482422,1.1186057329177856,21902.39,3.6,257.155,198.6,519795.0,101.6022,151458.0,1325.0
258,2019-12-22,12.510000228881836,1.9170000553131104,2.345999956130981,1474.699951171875,60.43999862670898,1.1125946044921875,21902.39,3.6,257.155,198.6,519795.0,101.6022,151458.0,1325.0
259,2019-12-29,13.43000030517578,1.8739999532699585,2.311000108718872,1513.800048828125,61.720001220703125,1.110111951828003,21902.39,3.6,257.155,198.6,519795.0,101.6022,151458.0,1325.0
260,2020-01-05,14.020000457763672,1.787999987602234,2.249000072479248,1549.199951171875,63.04999923706055,1.1171437501907349,21706.513,3.6,258.906,199.3,525411.0,101.3768,152045.0,1578.0
261,2020-01-12,12.5600004196167,1.825000047683716,2.2839999198913574,1557.5,59.040000915527344,1.1111111640930176,21706.513,3.6,258.906,199.3,525411.0,101.3768,152045.0,1578.0
262,2020-01-19,12.100000381469728,1.8359999656677248,2.2960000038146973,1558.800048828125,58.540000915527344,1.1139578819274902,21706.513,3.6,258.906,199.3,525411.0,101.3768,152045.0,1578.0
263,2020-01-26,14.5600004196167,1.680999994277954,2.128000020980835,1571.0999755859375,54.18999862670898,1.1055220365524292,21706.513,3.6,258.906,199.3,525411.0,101.3768,152045.0,1578.0
264,2020-02-02,18.84000015258789,1.5199999809265137,2.015000104904175,1582.9000244140625,51.560001373291016,1.1029127836227417,21706.513,3.6,258.906,199.3,525411.0,101.3768,152045.0,1578.0
265,2020-02-09,15.470000267028809,1.5779999494552612,2.0420000553131104,1568.5999755859375,50.31999969482422,1.0982975959777832,21706.513,3.6,258.906,199.3,525411.0,101.3768,152045.0,1578.0
266,2020-02-16,13.68000030517578,1.5880000591278076,2.0429999828338623,1582.699951171875,52.04999923706055,1.0845986604690552,21706.513,3.6,258.906,199.3,525411.0,101.3768,152045.0,1578.0
267,2020-02-23,17.079999923706055,1.4709999561309814,1.9179999828338623,1644.5999755859375,53.380001068115234,1.078799843788147,21706.513,3.6,258.906,199.3,525411.0,101.3768,152045.0,1578.0
268,2020-03-01,40.11000061035156,1.1269999742507937,1.6710000038146973,1564.0999755859375,44.7599983215332,1.0997228622436523,21706.513,3.6,258.906,199.3,525411.0,101.3768,152045.0,1578.0
269,2020-03-08,41.93999862670898,0.7059999704360962,1.215000033378601,1670.800048828125,41.27999877929688,1.1223849058151243,21706.513,3.6,258.906,199.3,525411.0,101.3768,152045.0,1578.0
270,2020-03-15,57.83000183105469,0.9509999752044678,1.5520000457763672,1515.699951171875,31.729999542236328,1.1184931993484497,21706.513,3.6,258.906,199.3,525411.0,101.3768,152045.0,1578.0
271,2020-03-22,66.04000091552734,0.9380000233650208,1.555999994277954,1484.0,22.43000030517578,1.0657345056533811,21706.513,3.6,258.906,199.3,525411.0,101.3768,152045.0,1578.0
272,2020-03-29,65.54000091552734,0.7490000128746033,1.337000012397766,1623.9000244140625,21.51000022888184,1.1048258543014526,21706.513,3.6,258.906,199.3,525411.0,101.3768,152045.0,1578.0
273,2020-04-05,46.79999923706055,0.5870000123977661,1.2139999866485596,1633.699951171875,28.34000015258789,1.0847399234771729,19913.143,14.8,256.126,185.5,408312.0,84.5979,130421.0,931.0
274,2020-04-12,41.66999816894531,0.7289999723434448,1.3530000448226929,1736.199951171875,22.76000022888184,1.0863661766052246,19913.143,14.8,256.126,185.5,408312.0,84.5979,130421.0,931.0
275,2020-04-19,38.150001525878906,0.6539999842643738,1.2760000228881836,1689.199951171875,18.270000457763672,1.0858471393585205,19913.143,14.8,256.126,185.5,408312.0,84.5979,130421.0,931.0
276,2020-04-26,35.93000030517578,0.5960000157356262,1.1770000457763672,1723.5,16.940000534057617,1.077702283859253,19913.143,14.8,256.126,185.5,408312.0,84.5979,130421.0,931.0
277,2020-05-03,37.18999862670898,0.6420000195503235,1.277999997138977,1694.5,19.780000686645508,1.094546914100647,19913.143,14.8,256.126,185.5,408312.0,84.5979,130421.0,931.0
278,2020-05-10,27.979999542236328,0.6819999814033508,1.3860000371932983,1709.9000244140625,24.739999771118164,1.0837171077728271,19913.143,14.8,256.126,185.5,408312.0,84.5979,130421.0,931.0
279,2020-05-17,31.88999938964844,0.6399999856948853,1.319000005722046,1753.4000244140625,29.43000030517578,1.0806955099105835,19913.143,14.8,256.126,185.5,408312.0,84.5979,130421.0,931.0
280,2020-05-24,28.15999984741211,0.6570000052452087,1.371000051498413,1734.5999755859375,33.25,1.0952903032302856,19913.143,14.8,256.126,185.5,408312.0,84.5979,130421.0,931.0
281,2020-05-31,27.51000022888184,0.6480000019073486,1.406999945640564,1736.9000244140625,35.4900016784668,1.1079105138778689,19913.143,14.8,256.126,185.5,408312.0,84.5979,130421.0,931.0
282,2020-06-07,24.520000457763672,0.9039999842643738,1.6779999732971191,1676.199951171875,39.54999923706055,1.1337867975234983,19913.143,14.8,256.126,185.5,408312.0,84.5979,130421.0,931.0
283,2020-06-14,36.09000015258789,0.6990000009536743,1.4500000476837158,1729.300048828125,36.2599983215332,1.1288082599639893,19913.143,14.8,256.126,185.5,408312.0,84.5979,130421.0,931.0
284,2020-06-21,35.119998931884766,0.6970000267028809,1.4700000286102295,1745.9000244140625,39.75,1.1211000680923462,19913.143,14.8,256.126,185.5,408312.0,84.5979,130421.0,931.0
285,2020-06-28,34.72999954223633,0.6359999775886536,1.371999979019165,1772.5,38.4900016784668,1.1222084760665894,19913.143,14.8,256.126,185.5,408312.0,84.5979,130421.0,931.0
286,2020-07-05,27.68000030517578,0.6690000295639038,1.4290000200271606,1784.0,40.650001525878906,1.1251378059387207,21647.64,10.2,258.408,193.0,535644.0,95.0144,139240.0,1523.0
287,2020-07-12,27.290000915527344,0.6330000162124634,1.3259999752044678,1798.199951171875,40.54999923706055,1.128795504570007,21647.64,10.2,258.408,193.0,535644.0,95.0144,139240.0,1523.0
288,2020-07-19,25.68000030517578,0.628000020980835,1.3289999961853027,1808.300048828125,40.59000015258789,1.139211654663086,21647.64,10.2,258.408,193.0,535644.0,95.0144,139240.0,1523.0
289,2020-07-26,25.84000015258789,0.5889999866485596,1.2389999628067017,1897.300048828125,41.290000915527344,1.1596084833145142,21647.64,10.2,258.408,193.0,535644.0,95.0144,139240.0,1523.0
290,2020-08-02,24.459999084472656,0.5360000133514404,1.1979999542236328,1962.800048828125,40.27000045776367,1.1872254610061646,21647.64,10.2,258.408,193.0,535644.0,95.0144,139240.0,1523.0
291,2020-08-09,22.209999084472656,0.5619999766349792,1.2289999723434448,2010.0999755859373,41.220001220703125,1.1876484155654907,21647.64,10.2,258.408,193.0,535644.0,95.0144,139240.0,1523.0
292,2020-08-16,22.049999237060547,0.7089999914169312,1.4420000314712524,1937.0,42.0099983215332,1.1816558837890625,21647.64,10.2,258.408,193.0,535644.0,95.0144,139240.0,1523.0
293,2020-08-23,22.540000915527344,0.6399999856948853,1.3530000448226929,1934.5999755859373,42.34000015258789,1.1873664855957031,21647.64,10.2,258.408,193.0,535644.0,95.0144,139240.0,1523.0
294,2020-08-30,22.959999084472656,0.7289999723434448,1.5080000162124634,1964.5999755859373,42.970001220703125,1.1819632053375244,21647.64,10.2,258.408,193.0,535644.0,95.0144,139240.0,1523.0
295,2020-09-06,30.75,0.7210000157356262,1.4700000286102295,1923.9000244140625,39.77000045776367,1.1839784383773804,21647.64,10.2,258.408,193.0,535644.0,95.0144,139240.0,1523.0
296,2020-09-13,26.8700008392334,0.6690000295639038,1.4170000553131104,1937.800048828125,37.33000183105469,1.1824384927749634,21647.64,10.2,258.408,193.0,535644.0,95.0144,139240.0,1523.0
297,2020-09-20,25.82999992370605,0.6940000057220459,1.4529999494552612,1952.0999755859373,41.11000061035156,1.1848200559616089,21647.64,10.2,258.408,193.0,535644.0,95.0144,139240.0,1523.0
298,2020-09-27,26.3799991607666,0.6589999794960022,1.4049999713897705,1857.699951171875,40.25,1.1673243045806885,21647.64,10.2,258.408,193.0,535644.0,95.0144,139240.0,1523.0
299,2020-10-04,27.6299991607666,0.6959999799728394,1.4809999465942385,1900.199951171875,37.04999923706055,1.1744946241378784,22024.502,6.8,260.249,196.5,549271.0,96.4292,142493.0,1543.0
300,2020-10-11,25.0,0.7749999761581421,1.5740000009536743,1919.5,40.59999847412109,1.1767003536224363,22024.502,6.8,260.249,196.5,549271.0,96.4292,142493.0,1543.0
301,2020-10-18,27.40999984741211,0.7440000176429749,1.5290000438690186,1900.800048828125,40.880001068115234,1.1707134246826172,22024.502,6.8,260.249,196.5,549271.0,96.4292,142493.0,1543.0
302,2020-10-25,27.549999237060547,0.8410000205039978,1.6449999809265137,1902.0,39.84999847412109,1.1815024614334106,22024.502,6.8,260.249,196.5,549271.0,96.4292,142493.0,1543.0
303,2020-11-01,38.02000045776367,0.8600000143051147,1.6399999856948853,1877.4000244140625,35.790000915527344,1.1678695678710938,22024.502,6.8,260.249,196.5,549271.0,96.4292,142493.0,1543.0
304,2020-11-08,24.86000061035156,0.8199999928474426,1.5989999771118164,1950.300048828125,37.13999938964844,1.1817537546157837,22024.502,6.8,260.249,196.5,549271.0,96.4292,142493.0,1543.0
305,2020-11-15,23.100000381469727,0.8930000066757202,1.6480000019073486,1885.699951171875,40.130001068115234,1.1803393363952637,22024.502,6.8,260.249,196.5,549271.0,96.4292,142493.0,1543.0
306,2020-11-22,23.700000762939453,0.8289999961853027,1.531999945640564,1872.5999755859373,42.150001525878906,1.1866477727890017,22024.502,6.8,260.249,196.5,549271.0,96.4292,142493.0,1543.0
307,2020-11-29,20.84000015258789,0.8420000076293945,1.5740000009536743,1781.9000244140625,45.52999877929688,1.191599726676941,22024.502,6.8,260.249,196.5,549271.0,96.4292,142493.0,1543.0
308,2020-12-06,20.790000915527344,0.968999981880188,1.7300000190734863,1835.9000244140625,46.2599983215332,1.2145650386810305,22024.502,6.8,260.249,196.5,549271.0,96.4292,142493.0,1543.0
309,2020-12-13,23.309999465942383,0.8930000066757202,1.6260000467300415,1839.800048828125,46.56999969482422,1.2144293785095217,22024.502,6.8,260.249,196.5,549271.0,96.4292,142493.0,1543.0
310,2020-12-20,21.56999969482422,0.9480000138282776,1.7000000476837158,1885.699951171875,49.09999847412109,1.226271629333496,22024.502,6.8,260.249,196.5,549271.0,96.4292,142493.0,1543.0
311,2020-12-27,21.530000686645508,0.9279999732971193,1.6640000343322754,1879.9000244140625,48.22999954223633,1.2191405296325684,22024.502,6.8,260.249,196.5,549271.0,96.4292,142493.0,1543.0
312,2021-01-03,22.75,0.9169999957084656,1.6460000276565552,1893.0999755859373,48.52000045776367,1.2299896478652954,22600.185,6.4,262.518,204.8,570510.0,98.7836,142916.0,1639.0
313,2021-01-10,21.559999465942383,1.1050000190734863,1.8630000352859497,1834.0999755859373,52.2400016784668,1.227144479751587,22600.185,6.4,262.518,204.8,570510.0,98.7836,142916.0,1639.0
314,2021-01-17,24.34000015258789,1.097000002861023,1.8530000448226929,1829.300048828125,52.36000061035156,1.2151259183883667,22600.185,6.4,262.518,204.8,570510.0,98.7836,142916.0,1639.0
315,2021-01-24,21.90999984741211,1.090999960899353,1.85699999332428,1855.699951171875,52.27000045776367,1.2166293859481812,22600.185,6.4,262.518,204.8,570510.0,98.7836,142916.0,1639.0
316,2021-01-31,33.09000015258789,1.093000054359436,1.8580000400543213,1847.300048828125,52.20000076293945,1.2120037078857422,22600.185,6.4,262.518,204.8,570510.0,98.7836,142916.0,1639.0
317,2021-02-07,20.8700008392334,1.1699999570846558,1.9739999771118164,1810.9000244140625,56.84999847412109,1.1966731548309326,22600.185,6.4,262.518,204.8,570510.0,98.7836,142916.0,1639.0
318,2021-02-14,19.96999931335449,1.2000000476837158,2.003000020980835,1821.5999755859373,59.470001220703125,1.2131506204605105,22600.185,6.4,262.518,204.8,570510.0,98.7836,142916.0,1639.0
319,2021-02-21,22.049999237060547,1.3450000286102295,2.140000104904175,1775.800048828125,59.2400016784668,1.209189772605896,22600.185,6.4,262.518,204.8,570510.0,98.7836,142916.0,1639.0
320,2021-02-28,27.950000762939453,1.4600000381469729,2.181999921798706,1728.0999755859375,61.5,1.2160420417785645,22600.185,6.4,262.518,204.8,570510.0,98.7836,142916.0,1639.0
321,2021-03-07,24.65999984741211,1.5540000200271606,2.2880001068115234,1698.0,66.08999633789062,1.1967735290527344,22600.185,6.4,262.518,204.8,570510.0,98.7836,142916.0,1639.0
322,2021-03-14,20.690000534057617,1.6349999904632568,2.4019999504089355,1719.5,65.61000061035156,1.1986095905303955,22600.185,6.4,262.518,204.8,570510.0,98.7836,142916.0,1639.0
323,2021-03-21,20.950000762939453,1.7319999933242798,2.450999975204468,1741.4000244140625,61.41999816894531,1.1918240785598757,22600.185,6.4,262.518,204.8,570510.0,98.7836,142916.0,1639.0
324,2021-03-28,18.86000061035156,1.659999966621399,2.367000102996826,1732.199951171875,60.970001220703125,1.1776621341705322,22600.185,6.4,262.518,204.8,570510.0,98.7836,142916.0,1639.0
325,2021-04-04,17.329999923706055,1.6790000200271606,2.3399999141693115,1726.5,61.45000076293945,1.1728830337524414,23292.362,6.1,266.752,217.9,622705.0,98.2886,144593.0,1492.0
326,2021-04-11,16.690000534057617,1.6660000085830688,2.33899998664856,1743.300048828125,59.31999969482422,1.1915684938430786,23292.362,6.1,266.752,217.9,622705.0,98.2886,144593.0,1492.0
327,2021-04-18,16.25,1.5729999542236328,2.260999917984009,1779.0,63.130001068115234,1.1971746683120728,23292.362,6.1,266.752,217.9,622705.0,98.2886,144593.0,1492.0
328,2021-04-25,17.329999923706055,1.5670000314712524,2.250999927520752,1777.0,62.13999938964844,1.2014753818511963,23292.362,6.1,266.752,217.9,622705.0,98.2886,144593.0,1492.0
329,2021-05-02,18.61000061035156,1.63100004196167,2.3010001182556152,1767.300048828125,63.58000183105469,1.2127091884613037,23292.362,6.1,266.752,217.9,622705.0,98.2886,144593.0,1492.0
330,2021-05-09,16.690000534057617,1.5770000219345093,2.2769999504089355,1831.0999755859373,64.9000015258789,1.2068549394607544,23292.362,6.1,266.752,217.9,622705.0,98.2886,144593.0,1492.0
331,2021-05-16,18.809999465942383,1.6349999904632568,2.3550000190734863,1837.9000244140625,65.37000274658203,1.207729458808899,23292.362,6.1,266.752,217.9,622705.0,98.2886,144593.0,1492.0
332,2021-05-23,20.14999961853028,1.631999969482422,2.3329999446868896,1876.699951171875,63.58000183105469,1.222538709640503,23292.362,6.1,266.752,217.9,622705.0,98.2886,144593.0,1492.0
333,2021-05-30,16.760000228881836,1.5809999704360962,2.263000011444092,1902.5,66.31999969482422,1.2193188667297363,23292.362,6.1,266.752,217.9,622705.0,98.2886,144593.0,1492.0
334,2021-06-06,16.420000076293945,1.559999942779541,2.239000082015991,1889.800048828125,69.62000274658203,1.213300704956055,23292.362,6.1,266.752,217.9,622705.0,98.2886,144593.0,1492.0
335,2021-06-13,15.649999618530272,1.462000012397766,2.1519999504089355,1877.4000244140625,70.91000366210938,1.2172558307647705,23292.362,6.1,266.752,217.9,622705.0,98.2886,144593.0,1492.0
336,2021-06-20,20.700000762939453,1.4500000476837158,2.0269999504089355,1767.9000244140625,71.63999938964844,1.1913414001464844,23292.362,6.1,266.752,217.9,622705.0,98.2886,144593.0,1492.0
337,2021-06-27,15.619999885559082,1.5360000133514404,2.1689999103546143,1776.5999755859375,74.05000305175781,1.1930327415466309,23292.362,6.1,266.752,217.9,622705.0,98.2886,144593.0,1492.0
338,2021-07-04,15.06999969482422,1.430999994277954,2.0450000762939453,1782.5999755859375,75.16000366210938,1.1846235990524292,23828.973,5.4,271.994,231.85,612647.0,100.1231,146761.0,1600.0
339,2021-07-11,16.18000030517578,1.3559999465942385,1.98199999332428,1810.0,74.55999755859375,1.184800386428833,23828.973,5.4,271.994,231.85,612647.0,100.1231,146761.0,1600.0
340,2021-07-18,18.450000762939453,1.2999999523162842,1.930999994277954,1814.5,71.80999755859375,1.1811814308166504,23828.973,5.4,271.994,231.85,612647.0,100.1231,146761.0,1600.0
341,2021-07-25,17.200000762939453,1.2860000133514404,1.924999952316284,1801.4000244140625,72.06999969482422,1.177273869514465,23828.973,5.4,271.994,231.85,612647.0,100.1231,146761.0,1600.0
342,2021-08-01,18.239999771118164,1.2389999628067017,1.8969999551773071,1812.5999755859373,73.94999694824219,1.189299702644348,23828.973,5.4,271.994,231.85,612647.0,100.1231,146761.0,1600.0
343,2021-08-08,16.149999618530273,1.2899999618530271,1.934000015258789,1760.0,68.27999877929688,1.1835720539093018,23828.973,5.4,271.994,231.85,612647.0,100.1231,146761.0,1600.0
344,2021-08-15,15.449999809265137,1.2970000505447388,1.9479999542236328,1775.199951171875,68.44000244140625,1.173626184463501,23828.973,5.4,271.994,231.85,612647.0,100.1231,146761.0,1600.0
345,2021-08-22,18.559999465942383,1.2599999904632568,1.8739999532699585,1781.0,62.31999969482422,1.1676595211029053,23828.973,5.4,271.994,231.85,612647.0,100.1231,146761.0,1600.0
346,2021-08-29,16.389999389648438,1.312000036239624,1.9179999828338623,1816.5999755859373,68.73999786376953,1.1756407022476196,23828.973,5.4,271.994,231.85,612647.0,100.1231,146761.0,1600.0
347,2021-09-05,16.40999984741211,1.3220000267028809,1.9429999589920044,1830.9000244140625,69.29000091552734,1.1876484155654907,23828.973,5.4,271.994,231.85,612647.0,100.1231,146761.0,1600.0
348,2021-09-12,20.950000762939453,1.340999960899353,1.934000015258789,1789.5999755859375,69.72000122070312,1.182592272758484,23828.973,5.4,271.994,231.85,612647.0,100.1231,146761.0,1600.0
349,2021-09-19,20.809999465942383,1.3700000047683716,1.909000039100647,1749.4000244140625,71.97000122070312,1.176747441291809,23828.973,5.4,271.994,231.85,612647.0,100.1231,146761.0,1600.0
350,2021-09-26,17.75,1.4600000381469729,1.9880000352859497,1749.699951171875,73.9800033569336,1.1740258932113647,23828.973,5.4,271.994,231.85,612647.0,100.1231,146761.0,1600.0
351,2021-10-03,21.100000381469727,1.4789999723434448,2.058000087738037,1757.0,75.87999725341797,1.1574475765228271,24654.603,4.5,276.434,240.465,630562.0,100.3045,148566.0,1587.0
352,2021-10-10,18.770000457763672,1.6050000190734863,2.1619999408721924,1756.300048828125,79.3499984741211,1.1559758186340332,24654.603,4.5,276.434,240.465,630562.0,100.3045,148566.0,1587.0
353,2021-10-17,16.299999237060547,1.5759999752044678,2.0510001182556152,1767.199951171875,82.27999877929688,1.159151554107666,24654.603,4.5,276.434,240.465,630562.0,100.3045,148566.0,1587.0
354,2021-10-24,15.43000030517578,1.6549999713897705,2.0910000801086426,1795.5,83.76000213623047,1.1625338792800903,24654.603,4.5,276.434,240.465,630562.0,100.3045,148566.0,1587.0
355,2021-10-31,16.260000228881836,1.5570000410079956,1.9420000314712524,1783.0,83.56999969482422,1.1683608293533323,24654.603,4.5,276.434,240.465,630562.0,100.3045,148566.0,1587.0
356,2021-11-07,16.479999542236328,1.4529999494552612,1.8860000371932983,1816.4000244140625,81.2699966430664,1.1555349826812744,24654.603,4.5,276.434,240.465,630562.0,100.3045,148566.0,1587.0
357,2021-11-14,16.290000915527344,1.5820000171661377,1.955000042915344,1867.9000244140625,80.79000091552734,1.145081877708435,24654.603,4.5,276.434,240.465,630562.0,100.3045,148566.0,1587.0
358,2021-11-21,17.90999984741211,1.5360000133514404,1.906999945640564,1851.199951171875,76.0999984741211,1.1368415355682373,24654.603,4.5,276.434,240.465,630562.0,100.3045,148566.0,1587.0
359,2021-11-28,28.6200008392334,1.4819999933242798,1.8270000219345093,1785.300048828125,68.1500015258789,1.1209630966186523,24654.603,4.5,276.434,240.465,630562.0,100.3045,148566.0,1587.0
360,2021-12-05,30.670000076293945,1.343000054359436,1.6779999732971191,1782.0,66.26000213623047,1.1306205987930298,24654.603,4.5,276.434,240.465,630562.0,100.3045,148566.0,1587.0
361,2021-12-12,18.690000534057617,1.4889999628067017,1.883999943733216,1782.9000244140625,71.66999816894531,1.1293309926986694,24654.603,4.5,276.434,240.465,630562.0,100.3045,148566.0,1587.0
362,2021-12-19,21.56999969482422,1.4019999504089355,1.8179999589920044,1803.800048828125,70.86000061035156,1.1334141492843628,24654.603,4.5,276.434,240.465,630562.0,100.3045,148566.0,1587.0
363,2021-12-26,17.959999084472656,1.493000030517578,1.9049999713897705,1811.199951171875,73.79000091552734,1.1328877210617063,24654.603,4.5,276.434,240.465,630562.0,100.3045,148566.0,1587.0
364,2022-01-02,17.219999313354492,1.5119999647140503,1.9049999713897705,1827.5,75.20999908447266,1.132502794265747,25029.116,4.0,282.39,246.453,644034.0,101.0227,150014.0,1712.0
365,2022-01-09,18.76000022888184,1.7710000276565552,2.118000030517578,1797.0,78.9000015258789,1.1296881437301636,25029.116,4.0,282.39,246.453,644034.0,101.0227,150014.0,1712.0
366,2022-01-16,19.190000534057617,1.7719999551773071,2.114000082015991,1816.5,83.81999969482422,1.1457115411758425,25029.116,4.0,282.39,246.453,644034.0,101.0227,150014.0,1712.0
367,2022-01-23,28.850000381469727,1.746999979019165,2.063999891281128,1831.800048828125,85.13999938964844,1.1313753128051758,25029.116,4.0,282.39,246.453,644034.0,101.0227,150014.0,1712.0
368,2022-01-30,27.65999984741211,1.781999945640564,2.0829999446868896,1784.9000244140625,86.81999969482422,1.1147029399871826,25029.116,4.0,282.39,246.453,644034.0,101.0227,150014.0,1712.0
369,2022-02-06,23.21999931335449,1.9299999475479128,2.2330000400543213,1806.5999755859373,92.30999755859376,1.14357590675354,25029.116,4.0,282.39,246.453,644034.0,101.0227,150014.0,1712.0
370,2022-02-13,27.36000061035156,1.955000042915344,2.256999969482422,1840.800048828125,93.0999984741211,1.1415525674819946,25029.116,4.0,282.39,246.453,644034.0,101.0227,150014.0,1712.0
371,2022-02-20,27.75,1.932000041007996,2.250999927520752,1898.5999755859373,91.06999969482422,1.1366478204727173,25029.116,4.0,282.39,246.453,644034.0,101.0227,150014.0,1712.0
372,2022-02-27,27.59000015258789,1.9859999418258667,2.2960000038146973,1886.5,91.58999633789062,1.11906898021698,25029.116,4.0,282.39,246.453,644034.0,101.0227,150014.0,1712.0
373,2022-03-06,31.979999542236328,1.7239999771118164,2.151000022888184,1965.0999755859373,115.68000030517578,1.1066844463348389,25029.116,4.0,282.39,246.453,644034.0,101.0227,150014.0,1712.0
374,2022-03-13,30.75,2.003999948501587,2.364000082015991,1982.699951171875,109.33000183105467,1.1013944149017334,25029.116,4.0,282.39,246.453,644034.0,101.0227,150014.0,1712.0
375,2022-03-20,23.8700008392334,2.1480000019073486,2.4179999828338623,1928.199951171875,104.6999969482422,1.1099518537521362,25029.116,4.0,282.39,246.453,644034.0,101.0227,150014.0,1712.0
376,2022-03-27,20.809999465942383,2.492000102996826,2.602999925613404,1953.800048828125,113.9000015258789,1.1009578704833984,25029.116,4.0,282.39,246.453,644034.0,101.0227,150014.0,1712.0
377,2022-04-03,19.6299991607666,2.377000093460083,2.424000024795532,1919.0999755859373,99.2699966430664,1.1072357892990112,25544.273,3.7,288.764,265.31,673245.0,102.7953,151642.0,1828.0
378,2022-04-10,21.15999984741211,2.713000059127808,2.746000051498413,1941.5999755859373,98.26000213623048,1.0864840745925903,25544.273,3.7,288.764,265.31,673245.0,102.7953,151642.0,1828.0
379,2022-04-17,22.700000762939453,2.828000068664551,2.9189999103546143,1970.9000244140625,106.9499969482422,1.089656949043274,25544.273,3.7,288.764,265.31,673245.0,102.7953,151642.0,1828.0
380,2022-04-24,28.209999084472656,2.9059998989105225,2.944000005722046,1931.0,102.06999969482422,1.0835175514221191,25544.273,3.7,288.764,265.31,673245.0,102.7953,151642.0,1828.0
381,2022-05-01,33.400001525878906,2.88700008392334,2.947000026702881,1909.300048828125,104.69000244140624,1.050420165061951,25544.273,3.7,288.764,265.31,673245.0,102.7953,151642.0,1828.0
382,2022-05-08,30.190000534057617,3.122999906539917,3.220999956130981,1881.199951171875,109.7699966430664,1.0539740324020386,25544.273,3.7,288.764,265.31,673245.0,102.7953,151642.0,1828.0
383,2022-05-15,28.8700008392334,2.934999942779541,3.0929999351501465,1807.4000244140625,110.48999786376952,1.0379581451416016,25544.273,3.7,288.764,265.31,673245.0,102.7953,151642.0,1828.0
384,2022-05-22,29.43000030517578,2.7869999408721924,2.996000051498413,1841.800048828125,113.2300033569336,1.057898759841919,25544.273,3.7,288.764,265.31,673245.0,102.7953,151642.0,1828.0
385,2022-05-29,25.71999931335449,2.743000030517578,2.9719998836517334,1851.300048828125,115.06999969482422,1.0732953548431396,25544.273,3.7,288.764,265.31,673245.0,102.7953,151642.0,1828.0
386,2022-06-05,24.790000915527344,2.9570000171661377,3.114000082015991,1845.4000244140625,118.87000274658205,1.0751069784164429,25544.273,3.7,288.764,265.31,673245.0,102.7953,151642.0,1828.0
387,2022-06-12,27.75,3.1559998989105225,3.196000099182129,1871.5,120.66999816894533,1.0619205236434937,25544.273,3.7,288.764,265.31,673245.0,102.7953,151642.0,1828.0
388,2022-06-19,31.1299991607666,3.239000082015991,3.2939999103546143,1835.5999755859373,109.55999755859376,1.0546854734420776,25544.273,3.7,288.764,265.31,673245.0,102.7953,151642.0,1828.0
389,2022-06-26,27.229999542236328,3.125,3.256999969482422,1826.5,107.62000274658205,1.052011489868164,25544.273,3.7,288.764,265.31,673245.0,102.7953,151642.0,1828.0
390,2022-07-03,26.700000762939453,2.888999938964844,3.115999937057495,1798.9000244140625,108.43000030517578,1.0477677583694458,25994.639,3.5,294.977,272.274,671067.0,103.1328,153038.0,1392.0
391,2022-07-10,24.63999938964844,3.1010000705718994,3.2690000534057617,1740.5999755859375,104.79000091552734,1.0169836282730105,25994.639,3.5,294.977,272.274,671067.0,103.1328,153038.0,1392.0
392,2022-07-17,24.229999542236328,2.930000066757202,3.094000101089477,1702.4000244140625,97.58999633789062,1.0025665760040283,25994.639,3.5,294.977,272.274,671067.0,103.1328,153038.0,1392.0
393,2022-07-24,23.030000686645508,2.782999992370605,2.997999906539917,1727.0999755859375,94.6999969482422,1.0221081972122192,25994.639,3.5,294.977,272.274,671067.0,103.1328,153038.0,1392.0
394,2022-07-31,21.32999992370605,2.6419999599456787,2.9739999771118164,1762.9000244140625,98.62000274658205,1.0192328691482544,25994.639,3.5,294.977,272.274,671067.0,103.1328,153038.0,1392.0
395,2022-08-07,21.14999961853028,2.8399999141693115,3.065000057220459,1772.9000244140625,89.01000213623047,1.024779200553894,25994.639,3.5,294.977,272.274,671067.0,103.1328,153038.0,1392.0
396,2022-08-14,19.530000686645508,2.8489999771118164,3.118000030517578,1798.5999755859375,92.08999633789062,1.0316723585128784,25994.639,3.5,294.977,272.274,671067.0,103.1328,153038.0,1392.0
397,2022-08-21,20.600000381469727,2.989000082015991,3.2249999046325684,1747.5999755859375,90.7699966430664,1.0089900493621826,25994.639,3.5,294.977,272.274,671067.0,103.1328,153038.0,1392.0
398,2022-08-28,25.559999465942383,3.0350000858306885,3.2049999237060547,1736.0999755859375,93.05999755859376,0.9971283078193665,25994.639,3.5,294.977,272.274,671067.0,103.1328,153038.0,1392.0
399,2022-09-04,25.46999931335449,3.193000078201294,3.344000101089477,1709.800048828125,86.87000274658203,0.995232880115509,25994.639,3.5,294.977,272.274,671067.0,103.1328,153038.0,1392.0
400,2022-09-11,22.790000915527344,3.321000099182129,3.4560000896453857,1716.199951171875,86.79000091552734,1.0012015104293823,25994.639,3.5,294.977,272.274,671067.0,103.1328,153038.0,1392.0
401,2022-09-18,26.299999237060547,3.447999954223633,3.5190000534057617,1671.699951171875,85.11000061035156,0.9988313317298888,25994.639,3.5,294.977,272.274,671067.0,103.1328,153038.0,1392.0
402,2022-09-25,29.920000076293945,3.697000026702881,3.611999988555908,1645.300048828125,78.73999786376953,0.9841550588607788,25994.639,3.5,294.977,272.274,671067.0,103.1328,153038.0,1392.0
403,2022-10-02,31.6200008392334,3.803999900817871,3.765000104904175,1662.4000244140625,79.48999786376953,0.9829555749893188,26408.405,3.6,297.863,265.061,681748.0,103.4114,153897.0,1440.0
404,2022-10-09,31.36000061035156,3.882999897003174,3.8410000801086426,1700.5,92.63999938964844,0.9789045453071594,26408.405,3.6,297.863,265.061,681748.0,103.4114,153897.0,1440.0
405,2022-10-16,32.02000045776367,4.010000228881836,3.9779999256134033,1641.699951171875,85.61000061035156,0.975134015083313,26408.405,3.6,297.863,265.061,681748.0,103.4114,153897.0,1440.0
406,2022-10-23,29.690000534057617,4.2129998207092285,4.304999828338623,1651.0,85.05000305175781,0.9778899550437928,26408.405,3.6,297.863,265.061,681748.0,103.4114,153897.0,1440.0
407,2022-10-30,25.75,4.010000228881836,4.129000186920166,1639.5999755859375,87.9000015258789,0.9967803955078124,26408.405,3.6,297.863,265.061,681748.0,103.4114,153897.0,1440.0
408,2022-11-06,24.549999237060547,4.156000137329102,4.245999813079834,1672.5,92.61000061035156,0.9749630093574524,26408.405,3.6,297.863,265.061,681748.0,103.4114,153897.0,1440.0
409,2022-11-13,22.520000457763672,3.812999963760376,4.058000087738037,1766.0,88.95999908447266,1.0192224979400637,26408.405,3.6,297.863,265.061,681748.0,103.4114,153897.0,1440.0
410,2022-11-20,23.1200008392334,3.818000078201294,3.927000045776367,1751.9000244140625,80.08000183105469,1.036172866821289,26408.405,3.6,297.863,265.061,681748.0,103.4114,153897.0,1440.0
411,2022-11-27,20.5,3.690999984741211,3.750999927520752,1753.300048828125,76.27999877929688,1.040810227394104,26408.405,3.6,297.863,265.061,681748.0,103.4114,153897.0,1440.0
412,2022-12-04,19.059999465942383,3.50600004196167,3.562000036239624,1795.9000244140625,79.9800033569336,1.052842140197754,26408.405,3.6,297.863,265.061,681748.0,103.4114,153897.0,1440.0
413,2022-12-11,22.82999992370605,3.566999912261963,3.549000024795532,1798.0999755859375,71.0199966430664,1.0559661388397217,26408.405,3.6,297.863,265.061,681748.0,103.4114,153897.0,1440.0
414,2022-12-18,22.6200008392334,3.4820001125335693,3.532999992370605,1790.0,74.29000091552734,1.064056158065796,26408.405,3.6,297.863,265.061,681748.0,103.4114,153897.0,1440.0
415,2022-12-25,20.8700008392334,3.750999927520752,3.82699990272522,1795.9000244140625,79.55999755859375,1.060333013534546,26408.405,3.6,297.863,265.061,681748.0,103.4114,153897.0,1440.0
416,2023-01-01,21.670000076293945,3.878999948501587,3.974999904632568,1819.699951171875,80.26000213623047,1.066075325012207,26813.601,3.4,300.356,260.227,693826.0,102.5478,154773.0,1361.0
