,Date,10Y_Treasury_Yield,30Y_Treasury_Yield,Gold_Price,Oil_Price,EUR_USD,GDP,Unemployment_Rate,CPI,PPI,Retail_Sales,Industrial_Production,Non_Farm_Payrolls,Housing_Starts,SP500_Return
0,2015-01-11,1.9709999561309808,2.555999994277954,1216.0,48.36000061035156,1.1796069145202637,18063.529,5.7,234.747,192.0,436125.0,102.8239,140562.0,1085.0,-0.008403811034715436
1,2015-01-18,1.815000057220459,2.434999942779541,1276.9000244140625,48.68999862670898,1.1637378931045532,18063.529,5.7,234.747,192.0,436125.0,102.8239,140562.0,1085.0,0.013424199395820402
2,2015-01-25,1.8170000314712524,2.3940000534057617,1292.5999755859375,45.59000015258789,1.1346745491027832,18063.529,5.7,234.747,192.0,436125.0,102.8239,140562.0,1085.0,-0.005491522439307173
3,2015-02-01,1.6749999523162842,2.250999927520752,1278.5,48.2400016784668,1.13355553150177,18063.529,5.7,234.747,192.0,436125.0,102.8239,140562.0,1085.0,-0.012991965252009852
4,2015-02-08,1.937999963760376,2.5190000534057617,1233.9000244140625,51.68999862670898,1.147196888923645,18063.529,5.7,234.747,192.0,436125.0,102.8239,140562.0,1085.0,-0.0034181723141418763
5,2015-02-15,2.0209999084472656,2.625999927520752,1226.5,52.77999877929688,1.140393853187561,18063.529,5.7,234.747,192.0,436125.0,102.8239,140562.0,1085.0,0.004074738491730789
6,2015-02-22,2.132999897003174,2.734999895095825,1204.4000244140625,50.34000015258789,1.1366735696792605,18063.529,5.7,234.747,192.0,436125.0,102.8239,140562.0,1085.0,0.006126533626735764
7,2015-03-01,2.002000093460083,2.5999999046325684,1212.5999755859375,49.7599983215332,1.1205360889434814,18063.529,5.7,234.747,192.0,436125.0,102.8239,140562.0,1085.0,-0.0029563045487578377
8,2015-03-08,2.240000009536743,2.83899998664856,1164.0999755859375,49.61000061035156,1.1032048463821411,18063.529,5.7,234.747,192.0,436125.0,102.8239,140562.0,1085.0,-0.014173946589881803
9,2015-03-15,2.111999988555908,2.694999933242798,1152.5999755859375,44.84000015258789,1.0626314878463743,18063.529,5.7,234.747,192.0,436125.0,102.8239,140562.0,1085.0,-0.006074710968194674
10,2015-03-22,1.9299999475479128,2.503999948501587,1184.800048828125,45.720001220703125,1.066894292831421,18063.529,5.7,234.747,192.0,436125.0,102.8239,140562.0,1085.0,0.00901275466979845
11,2015-03-29,1.9479999542236328,2.5269999504089355,1199.800048828125,48.869998931884766,1.0886367559432983,18063.529,5.7,234.747,192.0,436125.0,102.8239,140562.0,1085.0,0.0023685613495147972
12,2015-04-05,1.9040000438690183,2.5239999294281006,1200.9000244140625,49.13999938964844,1.0769942998886108,18279.784,5.4,236.222,190.9,442967.0,101.244,141202.0,1190.0,0.0035296669586522
13,2015-04-12,1.950999975204468,2.5829999446868896,1204.5999755859375,51.63999938964844,1.0669056177139282,18279.784,5.4,236.222,190.9,442967.0,101.244,141202.0,1190.0,0.005202865037342352
14,2015-04-19,1.850000023841858,2.505000114440918,1202.9000244140625,55.7400016784668,1.0755579471588137,18279.784,5.4,236.222,190.9,442967.0,101.244,141202.0,1190.0,-0.011311245518606405
15,2015-04-26,1.9170000553131104,2.617000102996826,1175.199951171875,57.150001525878906,1.0815019607543943,18279.784,5.4,236.222,190.9,442967.0,101.244,141202.0,1190.0,0.002252800575326619
16,2015-05-03,2.117000102996826,2.82699990272522,1174.5,59.150001525878906,1.1214659214019775,18279.784,5.4,236.222,190.9,442967.0,101.244,141202.0,1190.0,0.010923001659165044
17,2015-05-10,2.150000095367432,2.900000095367432,1189.0999755859375,59.38999938964844,1.1246949434280396,18279.784,5.4,236.222,190.9,442967.0,101.244,141202.0,1190.0,0.013457901176364917
18,2015-05-17,2.1410000324249268,2.9230000972747803,1225.5,59.68999862670898,1.1404979228973389,18279.784,5.4,236.222,190.9,442967.0,101.244,141202.0,1190.0,0.0007684139066803652
19,2015-05-24,2.2149999141693115,2.986000061035156,1204.300048828125,59.720001220703125,1.1111851930618286,18279.784,5.4,236.222,190.9,442967.0,101.244,141202.0,1190.0,-0.002233886303356414
20,2015-05-31,2.095000028610229,2.8469998836517334,1189.4000244140625,60.29999923706055,1.0960345268249512,18279.784,5.4,236.222,190.9,442967.0,101.244,141202.0,1190.0,-0.0063184691730722164
21,2015-06-07,2.4019999504089355,3.111000061035156,1167.800048828125,59.130001068115234,1.120787262916565,18279.784,5.4,236.222,190.9,442967.0,101.244,141202.0,1190.0,-0.0014361829335245435
22,2015-06-14,2.384999990463257,3.0989999771118164,1178.800048828125,59.959999084472656,1.1240627765655518,18279.784,5.4,236.222,190.9,442967.0,101.244,141202.0,1190.0,-0.0069942998817651425
23,2015-06-21,2.2669999599456787,3.055999994277954,1201.5,59.61000061035156,1.1370742321014404,18279.784,5.4,236.222,190.9,442967.0,101.244,141202.0,1190.0,-0.0053035017498218595
24,2015-06-28,2.4760000705718994,3.25,1172.9000244140625,59.630001068115234,1.1202975511550903,18279.784,5.4,236.222,190.9,442967.0,101.244,141202.0,1190.0,-0.0003900796440671206
25,2015-07-05,2.3929998874664307,3.191999912261963,1163.0,56.93000030517578,1.103363037109375,18401.626,5.2,238.034,193.9,450143.0,101.1052,141989.0,1146.0,-0.0003080227407983305
26,2015-07-12,2.4170000553131104,3.2090001106262207,1157.699951171875,52.7400016784668,1.1063048839569092,18401.626,5.2,238.034,193.9,450143.0,101.1052,141989.0,1146.0,0.012338485100151564
27,2015-07-19,2.3489999771118164,3.0829999446868896,1131.800048828125,50.88999938964844,1.0886012315750122,18401.626,5.2,238.034,193.9,450143.0,101.1052,141989.0,1146.0,0.001106182994042637
28,2015-07-26,2.2709999084472656,2.970000028610229,1085.5999755859375,48.13999938964844,1.0989010334014893,18401.626,5.2,238.034,193.9,450143.0,101.1052,141989.0,1146.0,-0.01070332804283558
29,2015-08-02,2.2049999237060547,2.927000045776367,1094.9000244140625,47.119998931884766,1.0939244031906128,18401.626,5.2,238.034,193.9,450143.0,101.1052,141989.0,1146.0,-0.002271519985995063
30,2015-08-09,2.174999952316284,2.828000068664551,1094.0999755859375,43.869998931884766,1.0927051305770874,18401.626,5.2,238.034,193.9,450143.0,101.1052,141989.0,1146.0,-0.0028748824444340126
31,2015-08-16,2.196000099182129,2.8410000801086426,1112.9000244140625,42.5,1.1160963773727417,18401.626,5.2,238.034,193.9,450143.0,101.1052,141989.0,1146.0,0.003911964108786803
32,2015-08-23,2.053999900817871,2.746999979019165,1159.5999755859375,40.45000076293945,1.1236965656280518,18401.626,5.2,238.034,193.9,450143.0,101.1052,141989.0,1146.0,-0.03185096571863755
33,2015-08-30,2.186000108718872,2.9089999198913574,1133.0999755859375,45.220001220703125,1.1247961521148682,18401.626,5.2,238.034,193.9,450143.0,101.1052,141989.0,1146.0,0.0006087363616984476
34,2015-09-06,2.128000020980835,2.890000104904175,1120.5999755859375,46.04999923706055,1.1125946044921875,18401.626,5.2,238.034,193.9,450143.0,101.1052,141989.0,1146.0,-0.015329595723932221
35,2015-09-13,2.183000087738037,2.943000078201294,1103.5,44.630001068115234,1.1290887594223022,18401.626,5.2,238.034,193.9,450143.0,101.1052,141989.0,1146.0,0.004487043210972708
36,2015-09-20,2.130000114440918,2.928999900817871,1138.0999755859375,44.68000030517578,1.1400948762893677,18401.626,5.2,238.034,193.9,450143.0,101.1052,141989.0,1146.0,-0.016164165744279924
37,2015-09-27,2.1679999828338623,2.9600000381469727,1146.0,45.70000076293945,1.1178929805755615,18401.626,5.2,238.034,193.9,450143.0,101.1052,141989.0,1146.0,-0.00046579328582951884
38,2015-10-04,1.9889999628067017,2.825999975204468,1137.0999755859375,45.540000915527344,1.1193444728851318,18435.137,5.0,237.733,187.5,446905.0,100.1871,142584.0,1058.0,0.014315289284541954
39,2015-10-11,2.0989999771118164,2.927000045776367,1156.300048828125,49.630001068115234,1.1286935806274414,18435.137,5.0,237.733,187.5,446905.0,100.1871,142584.0,1058.0,0.000725111326717931
40,2015-10-18,2.0230000019073486,2.864000082015991,1183.5999755859375,47.2599983215332,1.1368157863616943,18435.137,5.0,237.733,187.5,446905.0,100.1871,142584.0,1058.0,0.004570474275370051
41,2015-10-25,2.0829999446868896,2.8959999084472656,1163.300048828125,44.59999847412109,1.108094573020935,18435.137,5.0,237.733,187.5,446905.0,100.1871,142584.0,1058.0,0.011030344539323389
42,2015-11-01,2.151000022888184,2.933000087738037,1141.5,46.59000015258789,1.099384307861328,18435.137,5.0,237.733,187.5,446905.0,100.1871,142584.0,1058.0,-0.004809877003672414
43,2015-11-08,2.3329999446868896,3.08899998664856,1087.5999755859375,44.290000915527344,1.0883997678756714,18435.137,5.0,237.733,187.5,446905.0,100.1871,142584.0,1058.0,-0.0003476213457177524
44,2015-11-15,2.2799999713897705,3.058000087738037,1080.800048828125,40.7400016784668,1.0815019607543943,18435.137,5.0,237.733,187.5,446905.0,100.1871,142584.0,1058.0,-0.011207364706699363
45,2015-11-22,2.26200008392334,3.0179998874664307,1076.4000244140625,40.38999938964844,1.0726161003112793,18435.137,5.0,237.733,187.5,446905.0,100.1871,142584.0,1058.0,0.003810195689989637
46,2015-11-29,2.2249999046325684,3.000999927520752,1056.199951171875,41.709999084472656,1.0604453086853027,18435.137,5.0,237.733,187.5,446905.0,100.1871,142584.0,1058.0,0.0005936176807606053
47,2015-12-06,2.275000095367432,3.009999990463257,1084.5,39.970001220703125,1.0915957689285278,18435.137,5.0,237.733,187.5,446905.0,100.1871,142584.0,1058.0,0.0205256690573854
48,2015-12-13,2.138999938964844,2.878999948501587,1076.9000244140625,35.619998931884766,1.0948106050491333,18435.137,5.0,237.733,187.5,446905.0,100.1871,142584.0,1058.0,-0.019422767297482935
49,2015-12-20,2.1989998817443848,2.9100000858306885,1066.199951171875,34.72999954223633,1.0844104290008545,18435.137,5.0,237.733,187.5,446905.0,100.1871,142584.0,1058.0,-0.01779722000676376
50,2015-12-27,2.243000030517578,2.96399998664856,1077.199951171875,38.09999847412109,1.0909169912338257,18435.137,5.0,237.733,187.5,446905.0,100.1871,142584.0,1058.0,-0.001598636221499028
51,2016-01-03,2.2690000534057617,3.015000104904175,1060.300048828125,37.040000915527344,1.093398094177246,18525.933,4.8,237.652,182.6,447376.0,99.4558,143196.0,1092.0,0.0
52,2016-01-10,2.130000114440918,2.9200000762939453,1097.800048828125,33.15999984741211,1.0925976037979126,18525.933,4.8,237.652,182.6,447376.0,99.4558,143196.0,1092.0,-0.010838374390218508
53,2016-01-17,2.032999992370605,2.812999963760376,1091.5,29.420000076293945,1.085894227027893,18525.933,4.8,237.652,182.6,447376.0,99.4558,143196.0,1092.0,-0.021599098001850003
54,2016-01-24,2.0480000972747803,2.819999933242798,1097.199951171875,32.189998626708984,1.0862009525299072,18525.933,4.8,237.652,182.6,447376.0,99.4558,143196.0,1092.0,0.020283701024494727
55,2016-01-31,1.930999994277954,2.757999897003174,1116.4000244140625,33.619998931884766,1.0936970710754397,18525.933,4.8,237.652,182.6,447376.0,99.4558,143196.0,1092.0,0.0247602174153414
56,2016-02-07,1.8480000495910645,2.681999921798706,1157.800048828125,30.88999938964844,1.119996428489685,18525.933,4.8,237.652,182.6,447376.0,99.4558,143196.0,1092.0,-0.018481246310869337
57,2016-02-14,1.7480000257492063,2.6050000190734863,1239.0999755859375,29.440000534057617,1.1317979097366333,18525.933,4.8,237.652,182.6,447376.0,99.4558,143196.0,1092.0,0.019518049565855122
58,2016-02-21,1.7480000257492063,2.6050000190734863,1230.4000244140625,29.63999938964844,1.1110987663269043,18525.933,4.8,237.652,182.6,447376.0,99.4558,143196.0,1092.0,-2.6032942938902792e-05
59,2016-02-28,1.7619999647140503,2.635999917984009,1219.800048828125,32.779998779296875,1.1024993658065796,18525.933,4.8,237.652,182.6,447376.0,99.4558,143196.0,1092.0,-0.0018701144822791393
60,2016-03-06,1.883000016212464,2.703000068664551,1269.9000244140625,35.91999816894531,1.094894528388977,18525.933,4.8,237.652,182.6,447376.0,99.4558,143196.0,1092.0,0.0033058923144386743
61,2016-03-13,1.976999998092652,2.747999906539917,1258.699951171875,38.5,1.1178430318832395,18525.933,4.8,237.652,182.6,447376.0,99.4558,143196.0,1092.0,0.01639550053418848
62,2016-03-20,1.871000051498413,2.6730000972747803,1253.800048828125,39.43999862670898,1.1317979097366333,18525.933,4.8,237.652,182.6,447376.0,99.4558,143196.0,1092.0,0.004405643688967897
63,2016-03-27,1.899999976158142,2.671999931335449,1221.4000244140625,39.459999084472656,1.118105411529541,18525.933,4.8,237.652,182.6,447376.0,99.4558,143196.0,1092.0,-0.0003780702927851376
64,2016-04-03,1.7920000553131104,2.619999885559082,1222.199951171875,36.790000915527344,1.1379671096801758,18711.702,5.1,238.992,183.2,452238.0,98.4669,143856.0,1163.0,0.006330915127309877
65,2016-04-10,1.7200000286102295,2.555999994277954,1242.5,39.720001220703125,1.1373976469039917,18711.702,5.1,238.992,183.2,452238.0,98.4669,143856.0,1163.0,0.0027865779152878023
66,2016-04-17,1.7519999742507937,2.562000036239624,1233.0999755859375,40.36000061035156,1.1270017623901367,18711.702,5.1,238.992,183.2,452238.0,98.4669,143856.0,1163.0,-0.0009842848497145784
67,2016-04-24,1.888000011444092,2.7039999961853027,1228.699951171875,43.72999954223633,1.12920343875885,18711.702,5.1,238.992,183.2,452238.0,98.4669,143856.0,1163.0,4.785972478082989e-05
68,2016-05-01,1.819000005722046,2.66599988937378,1289.199951171875,45.91999816894531,1.135589361190796,18711.702,5.1,238.992,183.2,452238.0,98.4669,143856.0,1163.0,-0.005063088369821722
69,2016-05-08,1.7790000438690186,2.628000020980835,1292.9000244140625,44.65999984741211,1.1406019926071167,18711.702,5.1,238.992,183.2,452238.0,98.4669,143856.0,1163.0,0.0031746390805036384
70,2016-05-15,1.7050000429153442,2.552999973297119,1271.9000244140625,46.209999084472656,1.1376951932907104,18711.702,5.1,238.992,183.2,452238.0,98.4669,143856.0,1163.0,-0.00847828902508041
71,2016-05-22,1.8489999771118164,2.638999938964844,1252.4000244140625,47.75,1.1205987930297852,18711.702,5.1,238.992,183.2,452238.0,98.4669,143856.0,1163.0,0.006019504059596059
72,2016-05-29,1.8509999513626096,2.650000095367432,1213.800048828125,49.33000183105469,1.1192066669464111,18711.702,5.1,238.992,183.2,452238.0,98.4669,143856.0,1163.0,0.004286857336424754
73,2016-06-05,1.7039999961853027,2.5169999599456787,1240.0999755859375,48.619998931884766,1.115200161933899,18711.702,5.1,238.992,183.2,452238.0,98.4669,143856.0,1163.0,-0.002911814656949452
74,2016-06-12,1.6390000581741333,2.447000026702881,1273.4000244140625,49.06999969482422,1.131503343582153,18711.702,5.1,238.992,183.2,452238.0,98.4669,143856.0,1163.0,-0.009175181182794367
75,2016-06-19,1.618000030517578,2.431999921798706,1292.5,47.97999954223633,1.1252011060714722,18711.702,5.1,238.992,183.2,452238.0,98.4669,143856.0,1163.0,-0.0032579654199809127
76,2016-06-26,1.5789999961853027,2.430000066757202,1320.0,47.63999938964844,1.1324002742767334,18711.702,5.1,238.992,183.2,452238.0,98.4669,143856.0,1163.0,-0.035919799994431734
77,2016-07-03,1.4559999704360962,2.240999937057495,1336.699951171875,48.9900016784668,1.1106051206588743,18892.639,4.8,240.101,187.7,457894.0,98.836,144515.0,1239.0,0.00194860235588723
78,2016-07-10,1.366000056266785,2.109999895095825,1356.5999755859375,45.40999984741211,1.1065741777420044,18892.639,4.8,240.101,187.7,457894.0,98.836,144515.0,1239.0,0.015253349296718177
79,2016-07-17,1.593999981880188,2.302000045776367,1326.5,45.95000076293945,1.1106051206588743,18892.639,4.8,240.101,187.7,457894.0,98.836,144515.0,1239.0,-0.0009289473209127541
80,2016-07-24,1.5700000524520874,2.29099988937378,1323.0999755859375,44.18999862670898,1.1032899618148804,18892.639,4.8,240.101,187.7,457894.0,98.836,144515.0,1239.0,0.004553964713003289
81,2016-07-31,1.4579999446868896,2.181999921798706,1349.0,41.59999847412109,1.108438491821289,18892.639,4.8,240.101,187.7,457894.0,98.836,144515.0,1239.0,0.0016313092573088106
82,2016-08-07,1.5820000171661377,2.309999942779541,1336.4000244140625,41.79999923706055,1.1134741306304932,18892.639,4.8,240.101,187.7,457894.0,98.836,144515.0,1239.0,0.008603496447961101
83,2016-08-14,1.5149999856948853,2.234999895095825,1335.800048828125,44.4900016784668,1.113908290863037,18892.639,4.8,240.101,187.7,457894.0,98.836,144515.0,1239.0,-0.0007960463737501922
84,2016-08-21,1.5779999494552612,2.2850000858306885,1340.4000244140625,48.52000045776367,1.1349449157714844,18892.639,4.8,240.101,187.7,457894.0,98.836,144515.0,1239.0,-0.0014402713809749113
85,2016-08-28,1.6349999904632568,2.2960000038146973,1321.5,47.63999938964844,1.1290504932403564,18892.639,4.8,240.101,187.7,457894.0,98.836,144515.0,1239.0,-0.0015788165944199406
86,2016-09-04,1.5959999561309814,2.2709999084472656,1322.0999755859375,44.43999862670898,1.1200717687606812,18892.639,4.8,240.101,187.7,457894.0,98.836,144515.0,1239.0,0.004201041336424849
87,2016-09-11,1.6720000505447388,2.390000104904175,1330.0999755859375,45.880001068115234,1.1271415948867798,18892.639,4.8,240.101,187.7,457894.0,98.836,144515.0,1239.0,-0.02452206896667508
88,2016-09-18,1.7009999752044678,2.450999975204468,1305.800048828125,43.02999877929688,1.124593734741211,18892.639,4.8,240.101,187.7,457894.0,98.836,144515.0,1239.0,-0.0037722947474507773
89,2016-09-25,1.6150000095367432,2.3399999141693115,1337.199951171875,44.47999954223633,1.1210134029388428,18892.639,4.8,240.101,187.7,457894.0,98.836,144515.0,1239.0,-0.00573677446354337
90,2016-10-02,1.6080000400543213,2.3359999656677246,1313.300048828125,48.2400016784668,1.121956706047058,19089.379,4.9,241.741,186.7,462362.0,98.7322,145069.0,1313.0,0.0
91,2016-10-09,1.7359999418258667,2.4679999351501465,1248.9000244140625,49.810001373291016,1.1144545078277588,19089.379,4.9,241.741,186.7,462362.0,98.7322,145069.0,1313.0,-0.0032534833570118105
92,2016-10-16,1.7940000295639038,2.555000066757202,1253.0999755859375,50.34999847412109,1.1049723625183103,19089.379,4.9,241.741,186.7,462362.0,98.7322,145069.0,1313.0,0.00020160447857309194
93,2016-10-23,1.7400000095367432,2.492000102996826,1265.9000244140625,50.84999847412109,1.0930395126342771,19089.379,4.9,241.741,186.7,462362.0,98.7322,145069.0,1313.0,-8.414160005176807e-05
94,2016-10-30,1.8450000286102293,2.615999937057495,1275.5,48.70000076293945,1.0900371074676514,19089.379,4.9,241.741,186.7,462362.0,98.7322,145069.0,1313.0,-0.0031082993435224138
95,2016-11-06,1.7829999923706057,2.571000099182129,1303.300048828125,44.06999969482422,1.1102476119995115,19089.379,4.9,241.741,186.7,462362.0,98.7322,145069.0,1313.0,-0.0016661307322337615
96,2016-11-13,2.117000102996826,2.927999973297119,1265.5,44.65999984741211,1.0889687538146973,19089.379,4.9,241.741,186.7,462362.0,98.7322,145069.0,1313.0,-0.0013979503036608554
97,2016-11-20,2.3350000381469727,3.0160000324249268,1208.5,45.68999862670898,1.062304139137268,19089.379,4.9,241.741,186.7,462362.0,98.7322,145069.0,1313.0,-0.002386798421690206
98,2016-11-27,2.371999979019165,3.0220000743865967,1178.199951171875,46.060001373291016,1.0561892986297607,19089.379,4.9,241.741,186.7,462362.0,98.7322,145069.0,1313.0,0.003914386891670674
99,2016-12-04,2.390000104904175,3.061000108718872,1175.0999755859375,51.68000030517578,1.0663141012191772,19089.379,4.9,241.741,186.7,462362.0,98.7322,145069.0,1313.0,0.00039700650631591117
100,2016-12-11,2.46399998664856,3.1540000438690186,1159.4000244140625,51.5,1.062134861946106,19089.379,4.9,241.741,186.7,462362.0,98.7322,145069.0,1313.0,0.005938984786955759
101,2016-12-18,2.5969998836517334,3.184000015258789,1135.300048828125,51.900001525878906,1.0418837070465088,19089.379,4.9,241.741,186.7,462362.0,98.7322,145069.0,1313.0,-0.0017506226204834219
102,2016-12-25,2.5429999828338623,3.115999937057495,1131.9000244140625,53.02000045776367,1.0437650680541992,19089.379,4.9,241.741,186.7,462362.0,98.7322,145069.0,1313.0,0.0012517152775348706
103,2017-01-01,2.446000099182129,3.062999963760376,1150.0,53.720001220703125,1.0575296878814695,19280.084,4.7,243.618,190.7,473019.0,98.7987,145636.0,1190.0,0.0
104,2017-01-08,2.4179999828338623,3.003999948501587,1171.9000244140625,53.9900016784668,1.0605915784835815,19280.084,4.7,243.618,190.7,473019.0,98.7987,145636.0,1190.0,0.0035169592193697863
105,2017-01-15,2.380000114440918,2.976999998092652,1195.300048828125,52.369998931884766,1.0616837739944458,19280.084,4.7,243.618,190.7,473019.0,98.7987,145636.0,1190.0,0.0018498402425362048
106,2017-01-22,2.4670000076293945,3.0460000038146973,1204.300048828125,52.41999816894531,1.0659730434417725,19280.084,4.7,243.618,190.7,473019.0,98.7987,145636.0,1190.0,0.003366237154707852
107,2017-01-29,2.4809999465942383,3.059000015258789,1188.0999755859375,53.16999816894531,1.068296194076538,19280.084,4.7,243.618,190.7,473019.0,98.7987,145636.0,1190.0,-0.000866463892926328
108,2017-02-05,2.490999937057495,3.114000082015991,1218.5,53.83000183105469,1.0761713981628418,19280.084,4.7,243.618,190.7,473019.0,98.7987,145636.0,1190.0,0.007264758098647794
109,2017-02-12,2.4089999198913574,3.01200008392334,1234.4000244140625,53.86000061035156,1.0658594369888306,19280.084,4.7,243.618,190.7,473019.0,98.7987,145636.0,1190.0,0.003566050102845164
110,2017-02-19,2.424999952316284,3.0309998989105225,1237.5999755859375,53.400001525878906,1.0672245025634766,19280.084,4.7,243.618,190.7,473019.0,98.7987,145636.0,1190.0,0.0016785565287558146
111,2017-02-26,2.316999912261963,2.9549999237060547,1256.9000244140625,53.9900016784668,1.0584474802017212,19280.084,4.7,243.618,190.7,473019.0,98.7987,145636.0,1190.0,0.0014933641914423035
112,2017-03-05,2.492000102996826,3.0840001106262207,1225.5,53.33000183105469,1.0509721040725708,19280.084,4.7,243.618,190.7,473019.0,98.7987,145636.0,1190.0,0.0005038772720600271
113,2017-03-12,2.5820000171661377,3.1689999103546143,1200.699951171875,48.4900016784668,1.0578428506851196,19280.084,4.7,243.618,190.7,473019.0,98.7987,145636.0,1190.0,0.003268670195698986
114,2017-03-19,2.500999927520752,3.11299991607666,1229.800048828125,48.77999877929688,1.077470064163208,19280.084,4.7,243.618,190.7,473019.0,98.7987,145636.0,1190.0,-0.0013143147950017697
115,2017-03-26,2.400000095367432,3.002000093460083,1248.199951171875,47.970001220703125,1.0783880949020386,19280.084,4.7,243.618,190.7,473019.0,98.7987,145636.0,1190.0,-0.0008439958489141475
116,2017-04-02,2.3959999084472656,3.0179998874664307,1247.300048828125,50.59999847412109,1.0687072277069092,19438.643,4.4,244.193,193.0,473986.0,100.0082,146173.0,1146.0,0.0
117,2017-04-09,2.372999906539917,2.997999906539917,1254.300048828125,52.2400016784668,1.0644639730453491,19438.643,4.4,244.193,193.0,473986.0,100.0082,146173.0,1146.0,-0.0008271302020167459
118,2017-04-16,2.2320001125335693,2.888000011444092,1285.9000244140625,53.18000030517578,1.0670650005340576,19438.643,4.4,244.193,193.0,473986.0,100.0082,146173.0,1146.0,-0.006814694227374907
119,2017-04-23,2.236999988555908,2.8949999809265137,1287.4000244140625,49.619998931884766,1.0714898109436035,19438.643,4.4,244.193,193.0,473986.0,100.0082,146173.0,1146.0,-0.0030350729326357184
120,2017-04-30,2.282000064849853,2.95199990272522,1266.0999755859375,49.33000183105469,1.0864251852035522,19438.643,4.4,244.193,193.0,473986.0,100.0082,146173.0,1146.0,-0.0019131470681601481
121,2017-05-07,2.351999998092652,2.989000082015991,1224.800048828125,46.220001220703125,1.098152995109558,19438.643,4.4,244.193,193.0,473986.0,100.0082,146173.0,1146.0,0.0040886954080285864
122,2017-05-14,2.3350000381469727,2.99399995803833,1226.199951171875,47.84000015258789,1.086495876312256,19438.643,4.4,244.193,193.0,473986.0,100.0082,146173.0,1146.0,-0.0014784413679722608
123,2017-05-21,2.244999885559082,2.9049999713897705,1252.699951171875,50.33000183105469,1.1113580465316772,19438.643,4.4,244.193,193.0,473986.0,100.0082,146173.0,1146.0,0.006767499942466504
124,2017-05-28,2.25,2.91599988937378,1267.5999755859375,49.79999923706055,1.121076226234436,19438.643,4.4,244.193,193.0,473986.0,100.0082,146173.0,1146.0,0.00031054999597146526
125,2017-06-04,2.1589999198913574,2.812999963760376,1276.800048828125,47.65999984741211,1.1215791702270508,19438.643,4.4,244.193,193.0,473986.0,100.0082,146173.0,1146.0,0.0037077313104922904
126,2017-06-11,2.1989998817443848,2.8540000915527344,1268.5,45.83000183105469,1.118480563163757,19438.643,4.4,244.193,193.0,473986.0,100.0082,146173.0,1146.0,-0.0008299892344156845
127,2017-06-18,2.157000064849853,2.782000064849853,1254.0,44.7400016784668,1.1146905422210691,19438.643,4.4,244.193,193.0,473986.0,100.0082,146173.0,1146.0,0.0002836393681004967
128,2017-06-25,2.1440000534057617,2.71399998664856,1256.199951171875,43.0099983215332,1.1149640083312988,19438.643,4.4,244.193,193.0,473986.0,100.0082,146173.0,1146.0,0.0015609155178168965
129,2017-07-02,2.302000045776367,2.8399999141693115,1240.699951171875,46.040000915527344,1.144164800643921,19692.595,4.3,244.243,193.5,473552.0,100.0947,146772.0,1206.0,0.0
130,2017-07-09,2.3929998874664307,2.934999942779541,1208.5999755859375,44.22999954223633,1.1424784660339355,19692.595,4.3,244.243,193.5,473552.0,100.0947,146772.0,1206.0,0.006403125486305727
131,2017-07-16,2.319000005722046,2.9100000858306885,1226.5999755859375,46.540000915527344,1.140393853187561,19692.595,4.3,244.243,193.5,473552.0,100.0947,146772.0,1206.0,0.004673503078699293
132,2017-07-23,2.2320001125335693,2.802000045776367,1254.300048828125,45.77000045776367,1.1628718376159668,19692.595,4.3,244.243,193.5,473552.0,100.0947,146772.0,1206.0,-0.00036787164783502746
133,2017-07-30,2.2890000343322754,2.8919999599456787,1268.4000244140625,49.709999084472656,1.1688660383224487,19692.595,4.3,244.243,193.5,473552.0,100.0947,146772.0,1206.0,-0.001341115577770502
134,2017-08-06,2.2669999599456787,2.844000101089477,1258.300048828125,49.58000183105469,1.1884952783584597,19692.595,4.3,244.243,193.5,473552.0,100.0947,146772.0,1206.0,0.0018891035295691694
135,2017-08-13,2.188999891281128,2.7869999408721924,1287.699951171875,48.81999969482422,1.177024483680725,19692.595,4.3,244.243,193.5,473552.0,100.0947,146772.0,1206.0,0.0012755699762128092
136,2017-08-20,2.194000005722046,2.7769999504089355,1285.699951171875,48.5099983215332,1.171550154685974,19692.595,4.3,244.243,193.5,473552.0,100.0947,146772.0,1206.0,-0.0018353673110713675
137,2017-08-27,2.1689999103546143,2.750999927520752,1292.5,47.869998931884766,1.1802195310592651,19692.595,4.3,244.243,193.5,473552.0,100.0947,146772.0,1206.0,0.0016728693563305974
138,2017-09-03,2.157000064849853,2.7679998874664307,1324.5,47.290000915527344,1.191043257713318,19692.595,4.3,244.243,193.5,473552.0,100.0947,146772.0,1206.0,0.001982540682532896
139,2017-09-10,2.061000108718872,2.678999900817871,1346.0,47.47999954223633,1.2029062509536743,19692.595,4.3,244.243,193.5,473552.0,100.0947,146772.0,1206.0,-0.001488850703918465
140,2017-09-17,2.20199990272522,2.7720000743865967,1320.4000244140625,49.88999938964844,1.1921650171279907,19692.595,4.3,244.243,193.5,473552.0,100.0947,146772.0,1206.0,0.0018471814878802117
141,2017-09-24,2.26200008392334,2.7960000038146973,1293.300048828125,50.65999984741211,1.194557547569275,19692.595,4.3,244.243,193.5,473552.0,100.0947,146772.0,1206.0,0.0006477937229520947
142,2017-10-01,2.325999975204468,2.8570001125335693,1281.5,51.66999816894531,1.178175449371338,20037.088,4.2,246.626,194.9,484848.0,100.9981,147146.0,1257.0,0.0
143,2017-10-08,2.369999885559082,2.9059998989105225,1271.5999755859375,49.290000915527344,1.1712344884872437,20037.088,4.2,246.626,194.9,484848.0,100.9981,147146.0,1257.0,-0.0010736344069645076
144,2017-10-15,2.2799999713897705,2.812000036239624,1301.5,51.45000076293945,1.1831799745559692,20037.088,4.2,246.626,194.9,484848.0,100.9981,147146.0,1257.0,0.0008781073155288421
145,2017-10-22,2.38100004196167,2.8940000534057617,1277.4000244140625,51.470001220703125,1.184805989265442,20037.088,4.2,246.626,194.9,484848.0,100.9981,147146.0,1257.0,0.0051168427389869375
146,2017-10-29,2.427999973297119,2.936000108718872,1268.5,53.900001525878906,1.163724422454834,20037.088,4.2,246.626,194.9,484848.0,100.9981,147146.0,1257.0,0.008073022498049642
147,2017-11-05,2.3429999351501465,2.822000026702881,1266.5,55.63999938964844,1.1661807298660278,20037.088,4.2,246.626,194.9,484848.0,100.9981,147146.0,1257.0,0.0030970753849743904
148,2017-11-12,2.400000095367432,2.880000114440918,1272.4000244140625,56.7400016784668,1.164686679840088,20037.088,4.2,246.626,194.9,484848.0,100.9981,147146.0,1257.0,-0.0008976438525517549
149,2017-11-19,2.3540000915527344,2.7929999828338623,1295.800048828125,56.54999923706055,1.177745342254639,20037.088,4.2,246.626,194.9,484848.0,100.9981,147146.0,1257.0,-0.0026259630899742037
150,2017-11-26,2.3399999141693115,2.76200008392334,1286.699951171875,58.95000076293945,1.1853959560394287,20037.088,4.2,246.626,194.9,484848.0,100.9981,147146.0,1257.0,0.0020560951489239088
151,2017-12-03,2.361999988555908,2.757999897003174,1278.800048828125,58.36000061035156,1.1898245811462402,20037.088,4.2,246.626,194.9,484848.0,100.9981,147146.0,1257.0,-0.002024530803113933
152,2017-12-10,2.382999897003174,2.775000095367432,1245.199951171875,57.36000061035156,1.1772184371948242,20037.088,4.2,246.626,194.9,484848.0,100.9981,147146.0,1257.0,0.005506306319651655
153,2017-12-17,2.3550000190734863,2.688999891281128,1254.300048828125,57.29999923706055,1.1774957180023191,20037.088,4.2,246.626,194.9,484848.0,100.9981,147146.0,1257.0,0.008974343513216354
154,2017-12-24,2.484999895095825,2.8329999446868896,1275.4000244140625,58.470001220703125,1.185733199119568,20037.088,4.2,246.626,194.9,484848.0,100.9981,147146.0,1257.0,-0.0004581666477052604
155,2017-12-31,2.4049999713897705,2.739000082015991,1306.300048828125,60.41999816894531,1.1941723823547363,20037.088,4.2,246.626,194.9,484848.0,100.9981,147146.0,1257.0,-0.005183153157965359
156,2018-01-07,2.4760000705718994,2.811000108718872,1320.300048828125,61.43999862670898,1.2068840265274048,20328.553,4.0,248.859,197.9,490426.0,101.3939,147667.0,1299.0,0.007033767443369587
157,2018-01-14,2.552000045776367,2.852999925613404,1333.4000244140625,64.30000305175781,1.2042099237442017,20328.553,4.0,248.859,197.9,490426.0,101.3939,147667.0,1299.0,0.006749602987881076
158,2018-01-21,2.63700008392334,2.9119999408721924,1331.9000244140625,63.369998931884766,1.2236607074737549,20328.553,4.0,248.859,197.9,490426.0,101.3939,147667.0,1299.0,0.004385235112838837
159,2018-01-28,2.6619999408721924,2.9119999408721924,1351.5999755859375,66.13999938964844,1.239234209060669,20328.553,4.0,248.859,197.9,490426.0,101.3939,147667.0,1299.0,0.011841196508761032
160,2018-02-04,2.8540000915527344,3.0969998836517334,1333.699951171875,65.44999694824219,1.2510008811950684,20328.553,4.0,248.859,197.9,490426.0,101.3939,147667.0,1299.0,-0.02120854792396809
161,2018-02-11,2.8289999961853027,3.135999917984009,1313.0999755859375,59.20000076293945,1.2260762453079224,20328.553,4.0,248.859,197.9,490426.0,101.3939,147667.0,1299.0,0.014936090208494734
162,2018-02-18,2.877000093460083,3.135999917984009,1353.199951171875,61.68000030517578,1.2503595352172852,20328.553,4.0,248.859,197.9,490426.0,101.3939,147667.0,1299.0,0.0003734693722488025
163,2018-02-25,2.871000051498413,3.1600000858306885,1328.199951171875,63.54999923706055,1.2326656579971311,20328.553,4.0,248.859,197.9,490426.0,101.3939,147667.0,1299.0,0.01602837635051313
164,2018-03-04,2.8570001125335693,3.13100004196167,1321.0999755859375,61.25,1.2270842790603638,20328.553,4.0,248.859,197.9,490426.0,101.3939,147667.0,1299.0,0.005071602744632031
165,2018-03-11,2.8940000534057617,3.1589999198913574,1322.4000244140625,62.040000915527344,1.2306632995605469,20328.553,4.0,248.859,197.9,490426.0,101.3939,147667.0,1299.0,0.01737883151892694
166,2018-03-18,2.8480000495910645,3.0799999237060547,1311.300048828125,62.34000015258789,1.2309207916259766,20328.553,4.0,248.859,197.9,490426.0,101.3939,147667.0,1299.0,0.001703447167811456
167,2018-03-25,2.8299999237060547,3.075999975204468,1349.300048828125,65.87999725341797,1.2324985265731812,20328.553,4.0,248.859,197.9,490426.0,101.3939,147667.0,1299.0,-0.02096688071186603
168,2018-04-01,2.740999937057495,2.9719998836517334,1322.800048828125,64.94000244140625,1.2310267686843872,20580.912,4.0,250.227,200.3,494498.0,103.3468,148426.0,1276.0,0.0
169,2018-04-08,2.775000095367432,3.0179998874664307,1331.9000244140625,62.060001373291016,1.2251598834991455,20580.912,4.0,250.227,200.3,494498.0,103.3468,148426.0,1276.0,-0.021920248779842444
170,2018-04-15,2.8289999961853027,3.0360000133514404,1344.800048828125,67.38999938964844,1.2329696416854858,20580.912,4.0,250.227,200.3,494498.0,103.3468,148426.0,1276.0,-0.0028866254882486952
171,2018-04-22,2.950999975204468,3.1419999599456787,1336.699951171875,68.37999725341797,1.2345526218414309,20580.912,4.0,250.227,200.3,494498.0,103.3468,148426.0,1276.0,-0.00853653230061302
172,2018-04-29,2.9570000171661377,3.125,1320.300048828125,68.0999984741211,1.2109616994857788,20580.912,4.0,250.227,200.3,494498.0,103.3468,148426.0,1276.0,0.0011136248915897262
173,2018-05-06,2.944000005722046,3.115000009536743,1312.699951171875,69.72000122070312,1.1989257335662842,20580.912,4.0,250.227,200.3,494498.0,103.3468,148426.0,1276.0,0.012811178963797909
174,2018-05-13,2.970999956130981,3.111000061035156,1319.0,70.69999694824219,1.1917530298233032,20580.912,4.0,250.227,200.3,494498.0,103.3468,148426.0,1276.0,0.0017075955546570487
175,2018-05-20,3.066999912261963,3.2100000381469727,1290.199951171875,71.27999877929688,1.179523468017578,20580.912,4.0,250.227,200.3,494498.0,103.3468,148426.0,1276.0,-0.00263219493841671
176,2018-05-27,2.930999994277954,3.0899999141693115,1303.300048828125,67.87999725341797,1.1722642183303833,20580.912,4.0,250.227,200.3,494498.0,103.3468,148426.0,1276.0,-0.0023572204364039617
177,2018-06-03,2.8949999809265137,3.0460000038146973,1294.800048828125,65.80999755859375,1.1693171262741089,20580.912,4.0,250.227,200.3,494498.0,103.3468,148426.0,1276.0,0.010849230370481022
178,2018-06-10,2.937000036239624,3.0820000171661377,1298.0999755859375,65.73999786376953,1.179523468017578,20580.912,4.0,250.227,200.3,494498.0,103.3468,148426.0,1276.0,0.0031259043893263616
179,2018-06-17,2.924000024795532,3.046999931335449,1274.5999755859375,65.05999755859375,1.1566576957702637,20580.912,4.0,250.227,200.3,494498.0,103.3468,148426.0,1276.0,-0.001017102715529128
180,2018-06-24,2.900000095367432,3.0450000762939453,1267.4000244140625,68.58000183105469,1.1605775356292725,20580.912,4.0,250.227,200.3,494498.0,103.3468,148426.0,1276.0,0.0018619345065358228
181,2018-07-01,2.8489999771118164,2.9830000400543213,1251.300048828125,74.1500015258789,1.1562966108322144,20798.73,3.8,251.214,204.3,502255.0,103.3334,149023.0,1208.0,0.0
182,2018-07-08,2.8310000896453857,2.940999984741211,1254.300048828125,73.80000305175781,1.1695905923843384,20798.73,3.8,251.214,204.3,502255.0,103.3334,149023.0,1208.0,0.008481281595267509
183,2018-07-15,2.8310000896453857,2.933000087738037,1239.5999755859375,71.01000213623047,1.1665889024734497,20798.73,3.8,251.214,204.3,502255.0,103.3334,149023.0,1208.0,0.0010792374947172778
184,2018-07-22,2.8949999809265137,3.0309998989105225,1229.5,70.45999908447266,1.1655147075653076,20798.73,3.8,251.214,204.3,502255.0,103.3334,149023.0,1208.0,-0.0009484477101494582
185,2018-07-29,2.9600000381469727,3.088000059127808,1222.5999755859375,68.69000244140625,1.16429340839386,20798.73,3.8,251.214,204.3,502255.0,103.3334,149023.0,1208.0,-0.00656220869212365
186,2018-08-05,2.953000068664551,3.0929999351501465,1214.199951171875,68.48999786376953,1.1586008071899414,20798.73,3.8,251.214,204.3,502255.0,103.3334,149023.0,1208.0,0.004644183009877123
187,2018-08-12,2.8570001125335693,3.0160000324249268,1211.0999755859375,67.62999725341797,1.1523923873901367,20798.73,3.8,251.214,204.3,502255.0,103.3334,149023.0,1208.0,-0.007113887913551609
188,2018-08-19,2.872999906539917,3.0290000438690186,1176.5,65.91000366210938,1.1371389627456665,20798.73,3.8,251.214,204.3,502255.0,103.3334,149023.0,1208.0,0.0033231157222237684
189,2018-08-26,2.825999975204468,2.9749999046325684,1206.300048828125,68.72000122070312,1.154334545135498,20798.73,3.8,251.214,204.3,502255.0,103.3334,149023.0,1208.0,0.006198839704363079
190,2018-09-02,2.852999925613404,3.009999990463257,1200.300048828125,69.80000305175781,1.1664663553237915,20798.73,3.8,251.214,204.3,502255.0,103.3334,149023.0,1208.0,0.00013447750859452157
191,2018-09-09,2.941999912261963,3.102999925613404,1193.5999755859375,67.75,1.162006974220276,20798.73,3.8,251.214,204.3,502255.0,103.3334,149023.0,1208.0,-0.002213344827027508
192,2018-09-16,2.99399995803833,3.131999969482422,1195.0,68.98999786376953,1.169180393218994,20798.73,3.8,251.214,204.3,502255.0,103.3334,149023.0,1208.0,0.00027548183892078804
193,2018-09-23,3.068000078201294,3.2049999237060547,1196.199951171875,70.77999877929688,1.1775927543640137,20798.73,3.8,251.214,204.3,502255.0,103.3334,149023.0,1208.0,-0.00036853301202766087
194,2018-09-30,3.055999994277954,3.197000026702881,1191.5,73.25,1.1637378931045532,20798.73,3.8,251.214,204.3,502255.0,103.3334,149023.0,1208.0,-6.870120538793323e-06
195,2018-10-07,3.2249999046325684,3.3949999809265137,1201.199951171875,74.33999633789062,1.1518083810806274,20917.867,3.8,252.772,204.6,505622.0,103.9397,149525.0,1221.0,-0.005527978766503461
196,2018-10-14,3.1410000324249268,3.315999984741211,1218.0999755859375,71.33999633789062,1.1590440273284912,20917.867,3.8,252.772,204.6,505622.0,103.9397,149525.0,1221.0,0.014206197825152422
197,2018-10-21,3.197999954223633,3.384000062942505,1225.300048828125,69.12000274658203,1.1460003852844238,20917.867,3.8,252.772,204.6,505622.0,103.9397,149525.0,1221.0,-0.00036116989772350117
198,2018-10-28,3.07699990272522,3.316999912261963,1232.5,67.58999633789062,1.1377859115600586,20917.867,3.8,252.772,204.6,505622.0,103.9397,149525.0,1221.0,-0.017327264039978307
199,2018-11-04,3.21399998664856,3.453000068664551,1230.9000244140625,63.13999938964844,1.140328884124756,20917.867,3.8,252.772,204.6,505622.0,103.9397,149525.0,1221.0,-0.0063166863793988615
200,2018-11-11,3.188999891281128,3.3919999599456787,1206.4000244140625,60.18999862670898,1.1368415355682373,20917.867,3.8,252.772,204.6,505622.0,103.9397,149525.0,1221.0,-0.00919901370610332
201,2018-11-18,3.0739998817443848,3.32699990272522,1220.800048828125,56.459999084472656,1.1324899196624756,20917.867,3.8,252.772,204.6,505622.0,103.9397,149525.0,1221.0,0.0022233054237545957
202,2018-11-25,3.053999900817871,3.309999942779541,1221.0,50.41999816894531,1.1403158903121948,20917.867,3.8,252.772,204.6,505622.0,103.9397,149525.0,1221.0,-0.006554842390161242
203,2018-12-02,3.013000011444092,3.311000108718872,1220.199951171875,50.93000030517578,1.1392766237258911,20917.867,3.8,252.772,204.6,505622.0,103.9397,149525.0,1221.0,0.008170747552017188
204,2018-12-09,2.8499999046325684,3.1429998874664307,1246.800048828125,52.61000061035156,1.1374752521514893,20917.867,3.8,252.772,204.6,505622.0,103.9397,149525.0,1221.0,-0.023320118765389863
205,2018-12-16,2.8910000324249268,3.1429998874664307,1237.0,51.20000076293945,1.1363636255264282,20917.867,3.8,252.772,204.6,505622.0,103.9397,149525.0,1221.0,-0.019086709555430348
206,2018-12-23,2.7920000553131104,3.0280001163482666,1253.800048828125,45.59000015258789,1.1456853151321411,20917.867,3.8,252.772,204.6,505622.0,103.9397,149525.0,1221.0,-0.020588228309714296
207,2018-12-30,2.736000061035156,3.0420000553131104,1279.9000244140625,45.33000183105469,1.143105387687683,20917.867,3.8,252.772,204.6,505622.0,103.9397,149525.0,1221.0,-0.0012415825080966947
208,2019-01-06,2.6589999198913574,2.9739999771118164,1282.699951171875,47.959999084472656,1.1391078233718872,21104.133,4.0,252.561,199.1,500208.0,103.373,150062.0,1226.0,0.03433571464262353
209,2019-01-13,2.700999975204468,3.0369999408721924,1287.0999755859375,51.59000015258789,1.151012897491455,21104.133,4.0,252.561,199.1,500208.0,103.373,150062.0,1226.0,-0.00014629784190933748
210,2019-01-20,2.7839999198913574,3.0980000495910645,1281.300048828125,53.79999923706055,1.13926362991333,21104.133,4.0,252.561,199.1,500208.0,103.373,150062.0,1226.0,0.01318305304897005
211,2019-01-27,2.753000020980835,3.062000036239624,1297.4000244140625,53.68999862670898,1.1313496828079224,21104.133,4.0,252.561,199.1,500208.0,103.373,150062.0,1226.0,0.008488694060713842
212,2019-02-03,2.690999984741211,3.032000064849853,1316.9000244140625,55.2599983215332,1.1449507474899292,21104.133,4.0,252.561,199.1,500208.0,103.373,150062.0,1226.0,0.0008986100931438479
213,2019-02-10,2.631999969482422,2.9760000705718994,1313.699951171875,52.720001220703125,1.1338768005371094,21104.133,4.0,252.561,199.1,500208.0,103.373,150062.0,1226.0,0.0006762010869560964
214,2019-02-17,2.66599988937378,2.996999979019165,1318.0999755859375,55.59000015258789,1.1295350790023804,21104.133,4.0,252.561,199.1,500208.0,103.373,150062.0,1226.0,0.01087875260858695
215,2019-02-24,2.6549999713897705,3.0199999809265137,1329.199951171875,57.2599983215332,1.1343011856079102,21104.133,4.0,252.561,199.1,500208.0,103.373,150062.0,1226.0,0.006411102394986878
216,2019-03-03,2.755000114440918,3.124000072479248,1296.4000244140625,55.79999923706055,1.1373459100723269,21104.133,4.0,252.561,199.1,500208.0,103.373,150062.0,1226.0,0.00689532059343434
217,2019-03-10,2.625,3.009000062942505,1297.0,56.06999969482422,1.1198333501815796,21104.133,4.0,252.561,199.1,500208.0,103.373,150062.0,1226.0,-0.0021316888487414865
218,2019-03-17,2.5929999351501465,3.0199999809265137,1301.800048828125,58.52000045776367,1.1308379173278809,21104.133,4.0,252.561,199.1,500208.0,103.373,150062.0,1226.0,0.00498490290027398
219,2019-03-24,2.4549999237060547,2.888999938964844,1311.5999755859375,59.040000915527344,1.1375011205673218,21104.133,4.0,252.561,199.1,500208.0,103.373,150062.0,1226.0,-0.018974501239482744
220,2019-03-31,2.4140000343322754,2.822000026702881,1293.0,60.13999938964844,1.1230024099349976,21104.133,4.0,252.561,199.1,500208.0,103.373,150062.0,1226.0,0.0067342800173637585
221,2019-04-07,2.500999927520752,2.9089999198913574,1290.4000244140625,63.08000183105469,1.1225864887237549,21384.775,3.7,255.233,202.1,509564.0,102.2481,150602.0,1272.0,0.004636432770241061
222,2019-04-14,2.559999942779541,2.970999956130981,1290.5999755859375,63.88999938964844,1.1260753870010376,21384.775,3.7,255.233,202.1,509564.0,102.2481,150602.0,1272.0,0.006609324208602496
223,2019-04-21,2.559999942779541,2.9590001106262207,1271.9000244140625,64.0,1.129713773727417,21384.775,3.7,255.233,202.1,509564.0,102.2481,150602.0,1272.0,0.0015790922795098083
224,2019-04-28,2.505000114440918,2.927000045776367,1284.9000244140625,63.29999923706055,1.113684892654419,21384.775,3.7,255.233,202.1,509564.0,102.2481,150602.0,1272.0,0.0046852921407636305
225,2019-05-05,2.5309998989105225,2.9260001182556152,1279.199951171875,61.93999862670898,1.1173559427261353,21384.775,3.7,255.233,202.1,509564.0,102.2481,150602.0,1272.0,0.009638279380647763
226,2019-05-12,2.4549999237060547,2.872999906539917,1285.699951171875,61.65999984741211,1.1222084760665894,21384.775,3.7,255.233,202.1,509564.0,102.2481,150602.0,1272.0,0.0037202972597878414
227,2019-05-19,2.3929998874664307,2.8239998817443848,1274.5,62.7599983215332,1.1173559427261353,21384.775,3.7,255.233,202.1,509564.0,102.2481,150602.0,1272.0,-0.005837333350761975
228,2019-05-26,2.3239998817443848,2.752000093460083,1283.0,58.630001068115234,1.1184556484222412,21384.775,3.7,255.233,202.1,509564.0,102.2481,150602.0,1272.0,0.0013535590072402126
229,2019-06-02,2.1419999599456787,2.5829999446868896,1305.800048828125,53.5,1.1131147146224976,21384.775,3.7,255.233,202.1,509564.0,102.2481,150602.0,1272.0,-0.01319537280847849
230,2019-06-09,2.0840001106262207,2.571000099182129,1341.199951171875,53.9900016784668,1.127650022506714,21384.775,3.7,255.233,202.1,509564.0,102.2481,150602.0,1272.0,0.01049769746289475
231,2019-06-16,2.0929999351501465,2.5920000076293945,1340.0999755859375,52.5099983215332,1.128044366836548,21384.775,3.7,255.233,202.1,509564.0,102.2481,150602.0,1272.0,-0.001611511904139773
232,2019-06-23,2.068000078201294,2.5920000076293945,1396.199951171875,57.43000030517578,1.1295605897903442,21384.775,3.7,255.233,202.1,509564.0,102.2481,150602.0,1272.0,-0.0012592227925193322
233,2019-06-30,2.0,2.5280001163482666,1409.699951171875,58.470001220703125,1.1372941732406616,21384.775,3.7,255.233,202.1,509564.0,102.2481,150602.0,1272.0,0.0057574526279098315
234,2019-07-07,2.0480000972747803,2.549000024795532,1396.699951171875,57.5099983215332,1.128579020500183,21694.282,3.7,255.802,200.7,518274.0,102.0236,150934.0,1240.0,-0.00180590159841032
235,2019-07-14,2.1059999465942383,2.632999897003174,1409.9000244140625,60.209999084472656,1.1252391338348389,21694.282,3.7,255.802,200.7,518274.0,102.0236,150934.0,1240.0,0.004620174547884881
236,2019-07-21,2.0480000972747803,2.578000068664551,1425.0999755859375,55.630001068115234,1.1261515617370603,21694.282,3.7,255.802,200.7,518274.0,102.0236,150934.0,1240.0,-0.00617673452276668
237,2019-07-28,2.0810000896453857,2.6010000705718994,1418.5,56.20000076293945,1.1146159172058103,21694.282,3.7,255.802,200.7,518274.0,102.0236,150934.0,1240.0,0.007387691099234761
238,2019-08-04,1.8550000190734863,2.3910000324249268,1445.5999755859375,55.65999984741211,1.1078859567642212,21694.282,3.7,255.802,200.7,518274.0,102.0236,150934.0,1240.0,-0.007282739927037873
239,2019-08-11,1.7339999675750732,2.247999906539917,1496.5999755859375,54.5,1.1187183856964111,21694.282,3.7,255.802,200.7,518274.0,102.0236,150934.0,1240.0,-0.00661660635492356
240,2019-08-18,1.5390000343322754,2.0,1512.5,54.869998931884766,1.1113580465316772,21694.282,3.7,255.802,200.7,518274.0,102.0236,150934.0,1240.0,0.014426124657807904
241,2019-08-25,1.527999997138977,2.025000095367432,1526.5999755859375,54.16999816894531,1.108401656150818,21694.282,3.7,255.802,200.7,518274.0,102.0236,150934.0,1240.0,-0.025946336754618105
242,2019-09-01,1.50600004196167,1.9700000286102293,1519.0999755859375,55.09999847412109,1.1061947345733645,21694.282,3.7,255.802,200.7,518274.0,102.0236,150934.0,1240.0,0.0006427872591217021
243,2019-09-08,1.5499999523162842,2.0199999809265137,1506.199951171875,56.52000045776367,1.1036310195922852,21694.282,3.7,255.802,200.7,518274.0,102.0236,150934.0,1240.0,0.0009106051537297599
244,2019-09-15,1.902999997138977,2.378000020980835,1490.9000244140625,54.84999847412109,1.1058276891708374,21694.282,3.7,255.802,200.7,518274.0,102.0236,150934.0,1240.0,-0.0007244143620946941
245,2019-09-22,1.7549999952316284,2.1989998817443848,1507.300048828125,58.09000015258789,1.1048502922058103,21694.282,3.7,255.802,200.7,518274.0,102.0236,150934.0,1240.0,-0.0048955765157830955
246,2019-09-29,1.6749999523162842,2.124000072479248,1499.0999755859375,55.90999984741211,1.0922753810882568,21694.282,3.7,255.802,200.7,518274.0,102.0236,150934.0,1240.0,-0.005316352490240539
247,2019-10-06,1.5149999856948853,2.015000104904175,1506.199951171875,52.810001373291016,1.0975382328033447,21902.39,3.6,257.155,198.6,519795.0,101.6022,151458.0,1325.0,0.014216897585460186
248,2019-10-13,1.7519999742507937,2.2149999141693115,1482.699951171875,54.70000076293945,1.1011033058166504,21902.39,3.6,257.155,198.6,519795.0,101.6022,151458.0,1325.0,0.010938977513132997
249,2019-10-20,1.746999979019165,2.246000051498413,1488.199951171875,53.77999877929688,1.1127183437347412,21902.39,3.6,257.155,198.6,519795.0,101.6022,151458.0,1325.0,-0.003919344949506964
250,2019-10-27,1.8009999990463257,2.2920000553131104,1499.5,56.65999984741211,1.1103955507278442,21902.39,3.6,257.155,198.6,519795.0,101.6022,151458.0,1325.0,0.004072700506109195
251,2019-11-03,1.7280000448226929,2.211999893188477,1508.0,56.20000076293945,1.1157102584838867,21902.39,3.6,257.155,198.6,519795.0,101.6022,151458.0,1325.0,0.009662312168146059
252,2019-11-10,1.932999968528748,2.4170000553131104,1461.300048828125,57.2400016784668,1.1019697189331057,21902.39,3.6,257.155,198.6,519795.0,101.6022,151458.0,1325.0,0.0025606760900243053
253,2019-11-17,1.8339999914169312,2.311000108718872,1467.300048828125,57.720001220703125,1.1020498275756836,21902.39,3.6,257.155,198.6,519795.0,101.6022,151458.0,1325.0,0.007695488006902673
254,2019-11-24,1.77400004863739,2.2230000495910645,1463.0999755859375,57.77000045776367,1.1065863370895386,21902.39,3.6,257.155,198.6,519795.0,101.6022,151458.0,1325.0,0.0021749356911917594
255,2019-12-01,1.7760000228881836,2.20199990272522,1465.5999755859375,55.16999816894531,1.101176142692566,21902.39,3.6,257.155,198.6,519795.0,101.6022,151458.0,1325.0,-0.004011219709926239
256,2019-12-08,1.8420000076293943,2.2839999198913574,1459.0999755859375,59.20000076293945,1.1105434894561768,21902.39,3.6,257.155,198.6,519795.0,101.6022,151458.0,1325.0,0.009135724328457329
257,2019-12-15,1.819000005722046,2.25,1475.5999755859375,60.06999969482422,1.1186057329177856,21902.39,3.6,257.155,198.6,519795.0,101.6022,151458.0,1325.0,7.258178414493166e-05
258,2019-12-22,1.9170000553131104,2.345999956130981,1474.699951171875,60.43999862670898,1.1125946044921875,21902.39,3.6,257.155,198.6,519795.0,101.6022,151458.0,1325.0,0.004944781081796634
259,2019-12-29,1.8739999532699585,2.311000108718872,1513.800048828125,61.720001220703125,1.110111951828003,21902.39,3.6,257.155,198.6,519795.0,101.6022,151458.0,1325.0,3.398471712534601e-05
260,2020-01-05,1.787999987602234,2.249000072479248,1549.199951171875,63.04999923706055,1.1171437501907349,21706.513,3.6,258.906,199.3,525411.0,101.3768,152045.0,1578.0,-0.007059870562045378
261,2020-01-12,1.825000047683716,2.2839999198913574,1557.5,59.040000915527344,1.1111111640930176,21706.513,3.6,258.906,199.3,525411.0,101.3768,152045.0,1578.0,-0.002855178689662563
262,2020-01-19,1.8359999656677248,2.2960000038146973,1558.800048828125,58.540000915527344,1.1139578819274902,21706.513,3.6,258.906,199.3,525411.0,101.3768,152045.0,1578.0,0.003862162248501333
263,2020-01-26,1.680999994277954,2.128000020980835,1571.0999755859375,54.18999862670898,1.1055220365524292,21706.513,3.6,258.906,199.3,525411.0,101.3768,152045.0,1578.0,-0.009042160974207403
264,2020-02-02,1.5199999809265137,2.015000104904175,1582.9000244140625,51.560001373291016,1.1029127836227417,21706.513,3.6,258.906,199.3,525411.0,101.3768,152045.0,1578.0,-0.01770582037552626
265,2020-02-09,1.5779999494552612,2.0420000553131104,1568.5999755859375,50.31999969482422,1.0982975959777832,21706.513,3.6,258.906,199.3,525411.0,101.3768,152045.0,1578.0,-0.005400853672730133
266,2020-02-16,1.5880000591278076,2.0429999828338623,1582.699951171875,52.04999923706055,1.0845986604690552,21706.513,3.6,258.906,199.3,525411.0,101.3768,152045.0,1578.0,0.0018435333204338544
267,2020-02-23,1.4709999561309814,1.9179999828338623,1644.5999755859375,53.380001068115234,1.078799843788147,21706.513,3.6,258.906,199.3,525411.0,101.3768,152045.0,1578.0,-0.01051810302712286
268,2020-03-01,1.1269999742507937,1.6710000038146973,1564.0999755859375,44.7599983215332,1.0997228622436523,21706.513,3.6,258.906,199.3,525411.0,101.3768,152045.0,1578.0,-0.008238340444361891
269,2020-03-08,0.7059999704360962,1.215000033378601,1670.800048828125,41.27999877929688,1.1223849058151243,21706.513,3.6,258.906,199.3,525411.0,101.3768,152045.0,1578.0,-0.01705385200037013
270,2020-03-15,0.9509999752044678,1.5520000457763672,1515.699951171875,31.729999542236328,1.1184931993484497,21706.513,3.6,258.906,199.3,525411.0,101.3768,152045.0,1578.0,0.09287124972971839
271,2020-03-22,0.9380000233650208,1.555999994277954,1484.0,22.43000030517578,1.0657345056533811,21706.513,3.6,258.906,199.3,525411.0,101.3768,152045.0,1578.0,-0.04335951230846191
272,2020-03-29,0.7490000128746033,1.337000012397766,1623.9000244140625,21.51000022888184,1.1048258543014526,21706.513,3.6,258.906,199.3,525411.0,101.3768,152045.0,1578.0,-0.033687352562252526
273,2020-04-05,0.5870000123977661,1.2139999866485596,1633.699951171875,28.34000015258789,1.0847399234771729,19913.143,14.8,256.126,185.5,408312.0,84.5979,130421.0,931.0,-0.015137125124949469
274,2020-04-12,0.7289999723434448,1.3530000448226929,1736.199951171875,22.76000022888184,1.0863661766052246,19913.143,14.8,256.126,185.5,408312.0,84.5979,130421.0,931.0,0.014487410153376512
275,2020-04-19,0.6539999842643738,1.2760000228881836,1689.199951171875,18.270000457763672,1.0858471393585205,19913.143,14.8,256.126,185.5,408312.0,84.5979,130421.0,931.0,0.026793594848223412
276,2020-04-26,0.5960000157356262,1.1770000457763672,1723.5,16.940000534057617,1.077702283859253,19913.143,14.8,256.126,185.5,408312.0,84.5979,130421.0,931.0,0.013918057304545428
277,2020-05-03,0.6420000195503235,1.277999997138977,1694.5,19.780000686645508,1.094546914100647,19913.143,14.8,256.126,185.5,408312.0,84.5979,130421.0,931.0,-0.028059034078492195
278,2020-05-10,0.6819999814033508,1.3860000371932983,1709.9000244140625,24.739999771118164,1.0837171077728271,19913.143,14.8,256.126,185.5,408312.0,84.5979,130421.0,931.0,0.016871538638701944
279,2020-05-17,0.6399999856948853,1.319000005722046,1753.4000244140625,29.43000030517578,1.0806955099105835,19913.143,14.8,256.126,185.5,408312.0,84.5979,130421.0,931.0,0.0039263632504382695
280,2020-05-24,0.6570000052452087,1.371000051498413,1734.5999755859375,33.25,1.0952903032302856,19913.143,14.8,256.126,185.5,408312.0,84.5979,130421.0,931.0,0.002353711326488428
281,2020-05-31,0.6480000019073486,1.406999945640564,1736.9000244140625,35.4900016784668,1.1079105138778689,19913.143,14.8,256.126,185.5,408312.0,84.5979,130421.0,931.0,0.004812335824971425
282,2020-06-07,0.9039999842643738,1.6779999732971191,1676.199951171875,39.54999923706055,1.1337867975234983,19913.143,14.8,256.126,185.5,408312.0,84.5979,130421.0,931.0,0.026211650818398713
283,2020-06-14,0.6990000009536743,1.4500000476837158,1729.300048828125,36.2599983215332,1.1288082599639893,19913.143,14.8,256.126,185.5,408312.0,84.5979,130421.0,931.0,0.013060843963234703
284,2020-06-21,0.6970000267028809,1.4700000286102295,1745.9000244140625,39.75,1.1211000680923462,19913.143,14.8,256.126,185.5,408312.0,84.5979,130421.0,931.0,-0.005649494809462974
285,2020-06-28,0.6359999775886536,1.371999979019165,1772.5,38.4900016784668,1.1222084760665894,19913.143,14.8,256.126,185.5,408312.0,84.5979,130421.0,931.0,-0.024226905044785974
286,2020-07-05,0.6690000295639038,1.4290000200271606,1784.0,40.650001525878906,1.1251378059387207,21647.64,10.2,258.408,193.0,535644.0,95.0144,139240.0,1523.0,0.004541250844364075
287,2020-07-12,0.6330000162124634,1.3259999752044678,1798.199951171875,40.54999923706055,1.128795504570007,21647.64,10.2,258.408,193.0,535644.0,95.0144,139240.0,1523.0,0.01046620127324438
288,2020-07-19,0.628000020980835,1.3289999961853027,1808.300048828125,40.59000015258789,1.139211654663086,21647.64,10.2,258.408,193.0,535644.0,95.0144,139240.0,1523.0,0.002848612194617406
289,2020-07-26,0.5889999866485596,1.2389999628067017,1897.300048828125,41.290000915527344,1.1596084833145142,21647.64,10.2,258.408,193.0,535644.0,95.0144,139240.0,1523.0,-0.006190400054688405
290,2020-08-02,0.5360000133514404,1.1979999542236328,1962.800048828125,40.27000045776367,1.1872254610061646,21647.64,10.2,258.408,193.0,535644.0,95.0144,139240.0,1523.0,0.007670504990141325
291,2020-08-09,0.5619999766349792,1.2289999723434448,2010.0999755859373,41.220001220703125,1.1876484155654907,21647.64,10.2,258.408,193.0,535644.0,95.0144,139240.0,1523.0,0.0006330295486443038
292,2020-08-16,0.7089999914169312,1.4420000314712524,1937.0,42.0099983215332,1.1816558837890625,21647.64,10.2,258.408,193.0,535644.0,95.0144,139240.0,1523.0,-0.00017188262276812694
293,2020-08-23,0.6399999856948853,1.3530000448226929,1934.5999755859373,42.34000015258789,1.1873664855957031,21647.64,10.2,258.408,193.0,535644.0,95.0144,139240.0,1523.0,0.0034411070444764214
294,2020-08-30,0.7289999723434448,1.5080000162124634,1964.5999755859373,42.970001220703125,1.1819632053375244,21647.64,10.2,258.408,193.0,535644.0,95.0144,139240.0,1523.0,0.00673256535528588
295,2020-09-06,0.7210000157356262,1.4700000286102295,1923.9000244140625,39.77000045776367,1.1839784383773804,21647.64,10.2,258.408,193.0,535644.0,95.0144,139240.0,1523.0,-0.008133027264274895
296,2020-09-13,0.6690000295639038,1.4170000553131104,1937.800048828125,37.33000183105469,1.1824384927749634,21647.64,10.2,258.408,193.0,535644.0,95.0144,139240.0,1523.0,0.0005330721905940639
297,2020-09-20,0.6940000057220459,1.4529999494552612,1952.0999755859373,41.11000061035156,1.1848200559616089,21647.64,10.2,258.408,193.0,535644.0,95.0144,139240.0,1523.0,-0.011182581807410497
298,2020-09-27,0.6589999794960022,1.4049999713897705,1857.699951171875,40.25,1.1673243045806885,21647.64,10.2,258.408,193.0,535644.0,95.0144,139240.0,1523.0,0.0159767237756141
299,2020-10-04,0.6959999799728394,1.4809999465942385,1900.199951171875,37.04999923706055,1.1744946241378784,22024.502,6.8,260.249,196.5,549271.0,96.4292,142493.0,1543.0,-0.009577652178616392
300,2020-10-11,0.7749999761581421,1.5740000009536743,1919.5,40.59999847412109,1.1767003536224363,22024.502,6.8,260.249,196.5,549271.0,96.4292,142493.0,1543.0,0.00879353312061526
301,2020-10-18,0.7440000176429749,1.5290000438690186,1900.800048828125,40.880001068115234,1.1707134246826172,22024.502,6.8,260.249,196.5,549271.0,96.4292,142493.0,1543.0,0.00013491955745537076
302,2020-10-25,0.8410000205039978,1.6449999809265137,1902.0,39.84999847412109,1.1815024614334106,22024.502,6.8,260.249,196.5,549271.0,96.4292,142493.0,1543.0,0.003445761353703114
303,2020-11-01,0.8600000143051147,1.6399999856948853,1877.4000244140625,35.790000915527344,1.1678695678710938,22024.502,6.8,260.249,196.5,549271.0,96.4292,142493.0,1543.0,-0.012129550130175693
304,2020-11-08,0.8199999928474426,1.5989999771118164,1950.300048828125,37.13999938964844,1.1817537546157837,22024.502,6.8,260.249,196.5,549271.0,96.4292,142493.0,1543.0,-0.00028771518741854685
305,2020-11-15,0.8930000066757202,1.6480000019073486,1885.699951171875,40.130001068115234,1.1803393363952637,22024.502,6.8,260.249,196.5,549271.0,96.4292,142493.0,1543.0,0.013610335409063534
306,2020-11-22,0.8289999961853027,1.531999945640564,1872.5999755859373,42.150001525878906,1.1866477727890017,22024.502,6.8,260.249,196.5,549271.0,96.4292,142493.0,1543.0,-0.006792562915180156
307,2020-11-29,0.8420000076293945,1.5740000009536743,1781.9000244140625,45.52999877929688,1.191599726676941,22024.502,6.8,260.249,196.5,549271.0,96.4292,142493.0,1543.0,0.002396979198154181
308,2020-12-06,0.968999981880188,1.7300000190734863,1835.9000244140625,46.2599983215332,1.2145650386810305,22024.502,6.8,260.249,196.5,549271.0,96.4292,142493.0,1543.0,0.008836275129611826
309,2020-12-13,0.8930000066757202,1.6260000467300415,1839.800048828125,46.56999969482422,1.2144293785095217,22024.502,6.8,260.249,196.5,549271.0,96.4292,142493.0,1543.0,-0.0012649972997506032
310,2020-12-20,0.9480000138282776,1.7000000476837158,1885.699951171875,49.09999847412109,1.226271629333496,22024.502,6.8,260.249,196.5,549271.0,96.4292,142493.0,1543.0,-0.0035111185091528663
311,2020-12-27,0.9279999732971193,1.6640000343322754,1879.9000244140625,48.22999954223633,1.2191405296325684,22024.502,6.8,260.249,196.5,549271.0,96.4292,142493.0,1543.0,0.0035365890047962534
312,2021-01-03,0.9169999957084656,1.6460000276565552,1893.0999755859373,48.52000045776367,1.2299896478652954,22600.185,6.4,262.518,204.8,570510.0,98.7836,142916.0,1639.0,0.0
313,2021-01-10,1.1050000190734863,1.8630000352859497,1834.0999755859373,52.2400016784668,1.227144479751587,22600.185,6.4,262.518,204.8,570510.0,98.7836,142916.0,1639.0,0.005491862685268911
314,2021-01-17,1.097000002861023,1.8530000448226929,1829.300048828125,52.36000061035156,1.2151259183883667,22600.185,6.4,262.518,204.8,570510.0,98.7836,142916.0,1639.0,-0.007190027975370938
315,2021-01-24,1.090999960899353,1.85699999332428,1855.699951171875,52.27000045776367,1.2166293859481812,22600.185,6.4,262.518,204.8,570510.0,98.7836,142916.0,1639.0,-0.0030106116552376383
316,2021-01-31,1.093000054359436,1.8580000400543213,1847.300048828125,52.20000076293945,1.2120037078857422,22600.185,6.4,262.518,204.8,570510.0,98.7836,142916.0,1639.0,-0.019311475173124593
317,2021-02-07,1.1699999570846558,1.9739999771118164,1810.9000244140625,56.84999847412109,1.1966731548309326,22600.185,6.4,262.518,204.8,570510.0,98.7836,142916.0,1639.0,0.003897495164625342
318,2021-02-14,1.2000000476837158,2.003000020980835,1821.5999755859373,59.470001220703125,1.2131506204605105,22600.185,6.4,262.518,204.8,570510.0,98.7836,142916.0,1639.0,0.0047110331133788375
319,2021-02-21,1.3450000286102295,2.140000104904175,1775.800048828125,59.2400016784668,1.209189772605896,22600.185,6.4,262.518,204.8,570510.0,98.7836,142916.0,1639.0,-0.0018548966445751658
320,2021-02-28,1.4600000381469729,2.181999921798706,1728.0999755859375,61.5,1.2160420417785645,22600.185,6.4,262.518,204.8,570510.0,98.7836,142916.0,1639.0,-0.004750214169902844
321,2021-03-07,1.5540000200271606,2.2880001068115234,1698.0,66.08999633789062,1.1967735290527344,22600.185,6.4,262.518,204.8,570510.0,98.7836,142916.0,1639.0,0.01949596819778221
322,2021-03-14,1.6349999904632568,2.4019999504089355,1719.5,65.61000061035156,1.1986095905303955,22600.185,6.4,262.518,204.8,570510.0,98.7836,142916.0,1639.0,0.0010153984958789497
323,2021-03-21,1.7319999933242798,2.450999975204468,1741.4000244140625,61.41999816894531,1.1918240785598757,22600.185,6.4,262.518,204.8,570510.0,98.7836,142916.0,1639.0,-0.0006027039747036333
324,2021-03-28,1.659999966621399,2.367000102996826,1732.199951171875,60.970001220703125,1.1776621341705322,22600.185,6.4,262.518,204.8,570510.0,98.7836,142916.0,1639.0,0.016631202604519668
325,2021-04-04,1.6790000200271606,2.3399999141693115,1726.5,61.45000076293945,1.1728830337524414,23292.362,6.1,266.752,217.9,622705.0,98.2886,144593.0,1492.0,0.011825201774944727
326,2021-04-11,1.6660000085830688,2.33899998664856,1743.300048828125,59.31999969482422,1.1915684938430786,23292.362,6.1,266.752,217.9,622705.0,98.2886,144593.0,1492.0,0.007719934348738189
327,2021-04-18,1.5729999542236328,2.260999917984009,1779.0,63.130001068115234,1.1971746683120728,23292.362,6.1,266.752,217.9,622705.0,98.2886,144593.0,1492.0,0.0036088195555097347
328,2021-04-25,1.5670000314712524,2.250999927520752,1777.0,62.13999938964844,1.2014753818511963,23292.362,6.1,266.752,217.9,622705.0,98.2886,144593.0,1492.0,0.010928696540176919
329,2021-05-02,1.63100004196167,2.3010001182556152,1767.300048828125,63.58000183105469,1.2127091884613037,23292.362,6.1,266.752,217.9,622705.0,98.2886,144593.0,1492.0,-0.007194706699326425
330,2021-05-09,1.5770000219345093,2.2769999504089355,1831.0999755859373,64.9000015258789,1.2068549394607544,23292.362,6.1,266.752,217.9,622705.0,98.2886,144593.0,1492.0,0.007373341616968343
331,2021-05-16,1.6349999904632568,2.3550000190734863,1837.9000244140625,65.37000274658203,1.207729458808899,23292.362,6.1,266.752,217.9,622705.0,98.2886,144593.0,1492.0,0.014917956876899785
332,2021-05-23,1.631999969482422,2.3329999446868896,1876.699951171875,63.58000183105469,1.222538709640503,23292.362,6.1,266.752,217.9,622705.0,98.2886,144593.0,1492.0,-0.0007838806801412357
333,2021-05-30,1.5809999704360962,2.263000011444092,1902.5,66.31999969482422,1.2193188667297363,23292.362,6.1,266.752,217.9,622705.0,98.2886,144593.0,1492.0,0.0007688818911402162
334,2021-06-06,1.559999942779541,2.239000082015991,1889.800048828125,69.62000274658203,1.213300704956055,23292.362,6.1,266.752,217.9,622705.0,98.2886,144593.0,1492.0,0.008834095710505974
335,2021-06-13,1.462000012397766,2.1519999504089355,1877.4000244140625,70.91000366210938,1.2172558307647705,23292.362,6.1,266.752,217.9,622705.0,98.2886,144593.0,1492.0,0.0019484346695590737
336,2021-06-20,1.4500000476837158,2.0269999504089355,1767.9000244140625,71.63999938964844,1.1913414001464844,23292.362,6.1,266.752,217.9,622705.0,98.2886,144593.0,1492.0,-0.013124468779900589
337,2021-06-27,1.5360000133514404,2.1689999103546143,1776.5999755859375,74.05000305175781,1.1930327415466309,23292.362,6.1,266.752,217.9,622705.0,98.2886,144593.0,1492.0,0.0033305973193167304
338,2021-07-04,1.430999994277954,2.0450000762939453,1782.5999755859375,75.16000366210938,1.1846235990524292,23828.973,5.4,271.994,231.85,612647.0,100.1231,146761.0,1600.0,0.007500081663913916
339,2021-07-11,1.3559999465942385,1.98199999332428,1810.0,74.55999755859375,1.184800386428833,23828.973,5.4,271.994,231.85,612647.0,100.1231,146761.0,1600.0,0.011277947808795874
340,2021-07-18,1.2999999523162842,1.930999994277954,1814.5,71.80999755859375,1.1811814308166504,23828.973,5.4,271.994,231.85,612647.0,100.1231,146761.0,1600.0,-0.007538854211077806
341,2021-07-25,1.2860000133514404,1.924999952316284,1801.4000244140625,72.06999969482422,1.177273869514465,23828.973,5.4,271.994,231.85,612647.0,100.1231,146761.0,1600.0,0.010145452020822843
342,2021-08-01,1.2389999628067017,1.8969999551773071,1812.5999755859373,73.94999694824219,1.189299702644348,23828.973,5.4,271.994,231.85,612647.0,100.1231,146761.0,1600.0,-0.0054060480514769305
343,2021-08-08,1.2899999618530271,1.934000015258789,1760.0,68.27999877929688,1.1835720539093018,23828.973,5.4,271.994,231.85,612647.0,100.1231,146761.0,1600.0,0.001675266241764728
344,2021-08-15,1.2970000505447388,1.9479999542236328,1775.199951171875,68.44000244140625,1.173626184463501,23828.973,5.4,271.994,231.85,612647.0,100.1231,146761.0,1600.0,0.001607306655808216
345,2021-08-22,1.2599999904632568,1.8739999532699585,1781.0,62.31999969482422,1.1676595211029053,23828.973,5.4,271.994,231.85,612647.0,100.1231,146761.0,1600.0,0.008141567655737925
346,2021-08-29,1.312000036239624,1.9179999828338623,1816.5999755859373,68.73999786376953,1.1756407022476196,23828.973,5.4,271.994,231.85,612647.0,100.1231,146761.0,1600.0,0.008807632480425154
347,2021-09-05,1.3220000267028809,1.9429999589920044,1830.9000244140625,69.29000091552734,1.1876484155654907,23828.973,5.4,271.994,231.85,612647.0,100.1231,146761.0,1600.0,-0.0003350311257153127
348,2021-09-12,1.340999960899353,1.934000015258789,1789.5999755859375,69.72000122070312,1.182592272758484,23828.973,5.4,271.994,231.85,612647.0,100.1231,146761.0,1600.0,-0.007722578759925436
349,2021-09-19,1.3700000047683716,1.909000039100647,1749.4000244140625,71.97000122070312,1.176747441291809,23828.973,5.4,271.994,231.85,612647.0,100.1231,146761.0,1600.0,-0.009110872450405094
350,2021-09-26,1.4600000381469729,1.9880000352859497,1749.699951171875,73.9800033569336,1.1740258932113647,23828.973,5.4,271.994,231.85,612647.0,100.1231,146761.0,1600.0,0.001461009046688222
351,2021-10-03,1.4789999723434448,2.058000087738037,1757.0,75.87999725341797,1.1574475765228271,24654.603,4.5,276.434,240.465,630562.0,100.3045,148566.0,1587.0,0.01149147763018199
352,2021-10-10,1.6050000190734863,2.1619999408721924,1756.300048828125,79.3499984741211,1.1559758186340332,24654.603,4.5,276.434,240.465,630562.0,100.3045,148566.0,1587.0,-0.0019137230947889883
353,2021-10-17,1.5759999752044678,2.0510001182556152,1767.199951171875,82.27999877929688,1.159151554107666,24654.603,4.5,276.434,240.465,630562.0,100.3045,148566.0,1587.0,0.007460210377712606
354,2021-10-24,1.6549999713897705,2.0910000801086426,1795.5,83.76000213623047,1.1625338792800903,24654.603,4.5,276.434,240.465,630562.0,100.3045,148566.0,1587.0,-0.0010725536274130976
355,2021-10-31,1.5570000410079956,1.9420000314712524,1783.0,83.56999969482422,1.1683608293533323,24654.603,4.5,276.434,240.465,630562.0,100.3045,148566.0,1587.0,0.001949334719149265
356,2021-11-07,1.4529999494552612,1.8860000371932983,1816.4000244140625,81.2699966430664,1.1555349826812744,24654.603,4.5,276.434,240.465,630562.0,100.3045,148566.0,1587.0,0.003732799652949259
357,2021-11-14,1.5820000171661377,1.955000042915344,1867.9000244140625,80.79000091552734,1.145081877708435,24654.603,4.5,276.434,240.465,630562.0,100.3045,148566.0,1587.0,0.007222656026415475
358,2021-11-21,1.5360000133514404,1.906999945640564,1851.199951171875,76.0999984741211,1.1368415355682373,24654.603,4.5,276.434,240.465,630562.0,100.3045,148566.0,1587.0,-0.001398665559303236
359,2021-11-28,1.4819999933242798,1.8270000219345093,1785.300048828125,68.1500015258789,1.1209630966186523,24654.603,4.5,276.434,240.465,630562.0,100.3045,148566.0,1587.0,-0.022724822637582465
360,2021-12-05,1.343000054359436,1.6779999732971191,1782.0,66.26000213623047,1.1306205987930298,24654.603,4.5,276.434,240.465,630562.0,100.3045,148566.0,1587.0,-0.008448563730297565
361,2021-12-12,1.4889999628067017,1.883999943733216,1782.9000244140625,71.66999816894531,1.1293309926986694,24654.603,4.5,276.434,240.465,630562.0,100.3045,148566.0,1587.0,0.009549073338481762
362,2021-12-19,1.4019999504089355,1.8179999589920044,1803.800048828125,70.86000061035156,1.1334141492843628,24654.603,4.5,276.434,240.465,630562.0,100.3045,148566.0,1587.0,-0.010287680637092622
363,2021-12-26,1.493000030517578,1.9049999713897705,1811.199951171875,73.79000091552734,1.1328877210617063,24654.603,4.5,276.434,240.465,630562.0,100.3045,148566.0,1587.0,0.006223699921661829
364,2022-01-02,1.5119999647140503,1.9049999713897705,1827.5,75.20999908447266,1.132502794265747,25029.116,4.0,282.39,246.453,644034.0,101.0227,150014.0,1712.0,0.0
365,2022-01-09,1.7710000276565552,2.118000030517578,1797.0,78.9000015258789,1.1296881437301636,25029.116,4.0,282.39,246.453,644034.0,101.0227,150014.0,1712.0,-0.004050216740091761
366,2022-01-16,1.7719999551773071,2.114000082015991,1816.5,83.81999969482422,1.1457115411758425,25029.116,4.0,282.39,246.453,644034.0,101.0227,150014.0,1712.0,0.0008199802697488323
367,2022-01-23,1.746999979019165,2.063999891281128,1831.800048828125,85.13999938964844,1.1313753128051758,25029.116,4.0,282.39,246.453,644034.0,101.0227,150014.0,1712.0,-0.018914821867908604
368,2022-01-30,1.781999945640564,2.0829999446868896,1784.9000244140625,86.81999969482422,1.1147029399871826,25029.116,4.0,282.39,246.453,644034.0,101.0227,150014.0,1712.0,0.024347646888076113
369,2022-02-06,1.9299999475479128,2.2330000400543213,1806.5999755859373,92.30999755859376,1.14357590675354,25029.116,4.0,282.39,246.453,644034.0,101.0227,150014.0,1712.0,0.0051569298644233985
370,2022-02-13,1.955000042915344,2.256999969482422,1840.800048828125,93.0999984741211,1.1415525674819946,25029.116,4.0,282.39,246.453,644034.0,101.0227,150014.0,1712.0,-0.01896945434456343
371,2022-02-20,1.932000041007996,2.250999927520752,1898.5999755859373,91.06999969482422,1.1366478204727173,25029.116,4.0,282.39,246.453,644034.0,101.0227,150014.0,1712.0,-0.0071661613961429005
372,2022-02-27,1.9859999418258667,2.2960000038146973,1886.5,91.58999633789062,1.11906898021698,25029.116,4.0,282.39,246.453,644034.0,101.0227,150014.0,1712.0,0.022372677655603468
373,2022-03-06,1.7239999771118164,2.151000022888184,1965.0999755859373,115.68000030517578,1.1066844463348389,25029.116,4.0,282.39,246.453,644034.0,101.0227,150014.0,1712.0,-0.007934042550334475
374,2022-03-13,2.003999948501587,2.364000082015991,1982.699951171875,109.33000183105467,1.1013944149017334,25029.116,4.0,282.39,246.453,644034.0,101.0227,150014.0,1712.0,-0.012961545123475138
375,2022-03-20,2.1480000019073486,2.4179999828338623,1928.199951171875,104.6999969482422,1.1099518537521362,25029.116,4.0,282.39,246.453,644034.0,101.0227,150014.0,1712.0,0.011662294827948783
376,2022-03-27,2.492000102996826,2.602999925613404,1953.800048828125,113.9000015258789,1.1009578704833984,25029.116,4.0,282.39,246.453,644034.0,101.0227,150014.0,1712.0,0.005066170567449069
377,2022-04-03,2.377000093460083,2.424000024795532,1919.0999755859373,99.2699966430664,1.1072357892990112,25544.273,3.7,288.764,265.31,673245.0,102.7953,151642.0,1828.0,0.0034102225843584133
378,2022-04-10,2.713000059127808,2.746000051498413,1941.5999755859373,98.26000213623048,1.0864840745925903,25544.273,3.7,288.764,265.31,673245.0,102.7953,151642.0,1828.0,-0.002651026482054286
379,2022-04-17,2.828000068664551,2.9189999103546143,1970.9000244140625,106.9499969482422,1.089656949043274,25544.273,3.7,288.764,265.31,673245.0,102.7953,151642.0,1828.0,-0.01214413784439794
380,2022-04-24,2.9059998989105225,2.944000005722046,1931.0,102.06999969482422,1.0835175514221191,25544.273,3.7,288.764,265.31,673245.0,102.7953,151642.0,1828.0,-0.027740054250753654
381,2022-05-01,2.88700008392334,2.947000026702881,1909.300048828125,104.69000244140624,1.050420165061951,25544.273,3.7,288.764,265.31,673245.0,102.7953,151642.0,1828.0,-0.036284507106413955
382,2022-05-08,3.122999906539917,3.220999956130981,1881.199951171875,109.7699966430664,1.0539740324020386,25544.273,3.7,288.764,265.31,673245.0,102.7953,151642.0,1828.0,-0.0056742248424840325
383,2022-05-15,2.934999942779541,3.0929999351501465,1807.4000244140625,110.48999786376952,1.0379581451416016,25544.273,3.7,288.764,265.31,673245.0,102.7953,151642.0,1828.0,0.02386969542307149
384,2022-05-22,2.7869999408721924,2.996000051498413,1841.800048828125,113.2300033569336,1.057898759841919,25544.273,3.7,288.764,265.31,673245.0,102.7953,151642.0,1828.0,0.00014614176965843662
385,2022-05-29,2.743000030517578,2.9719998836517334,1851.300048828125,115.06999969482422,1.0732953548431396,25544.273,3.7,288.764,265.31,673245.0,102.7953,151642.0,1828.0,0.02474226295510973
386,2022-06-05,2.9570000171661377,3.114000082015991,1845.4000244140625,118.87000274658205,1.0751069784164429,25544.273,3.7,288.764,265.31,673245.0,102.7953,151642.0,1828.0,-0.016347313992415624
387,2022-06-12,3.1559998989105225,3.196000099182129,1871.5,120.66999816894533,1.0619205236434937,25544.273,3.7,288.764,265.31,673245.0,102.7953,151642.0,1828.0,-0.029110303335524668
388,2022-06-19,3.239000082015991,3.2939999103546143,1835.5999755859373,109.55999755859376,1.0546854734420776,25544.273,3.7,288.764,265.31,673245.0,102.7953,151642.0,1828.0,0.002200865698254617
389,2022-06-26,3.125,3.256999969482422,1826.5,107.62000274658205,1.052011489868164,25544.273,3.7,288.764,265.31,673245.0,102.7953,151642.0,1828.0,0.03056329358583576
390,2022-07-03,2.888999938964844,3.115999937057495,1798.9000244140625,108.43000030517578,1.0477677583694458,25994.639,3.5,294.977,272.274,671067.0,103.1328,153038.0,1392.0,0.010553814029047315
391,2022-07-10,3.1010000705718994,3.2690000534057617,1740.5999755859375,104.79000091552734,1.0169836282730105,25994.639,3.5,294.977,272.274,671067.0,103.1328,153038.0,1392.0,-0.000830271529819071
392,2022-07-17,2.930000066757202,3.094000101089477,1702.4000244140625,97.58999633789062,1.0025665760040283,25994.639,3.5,294.977,272.274,671067.0,103.1328,153038.0,1392.0,0.01920124935943668
393,2022-07-24,2.782999992370605,2.997999906539917,1727.0999755859375,94.6999969482422,1.0221081972122192,25994.639,3.5,294.977,272.274,671067.0,103.1328,153038.0,1392.0,-0.00933246697634671
394,2022-07-31,2.6419999599456787,2.9739999771118164,1762.9000244140625,98.62000274658205,1.0192328691482544,25994.639,3.5,294.977,272.274,671067.0,103.1328,153038.0,1392.0,0.014207760082581844
395,2022-08-07,2.8399999141693115,3.065000057220459,1772.9000244140625,89.01000213623047,1.024779200553894,25994.639,3.5,294.977,272.274,671067.0,103.1328,153038.0,1392.0,-0.0016257460597355333
396,2022-08-14,2.8489999771118164,3.118000030517578,1798.5999755859375,92.08999633789062,1.0316723585128784,25994.639,3.5,294.977,272.274,671067.0,103.1328,153038.0,1392.0,0.017322368774566943
397,2022-08-21,2.989000082015991,3.2249999046325684,1747.5999755859375,90.7699966430664,1.0089900493621826,25994.639,3.5,294.977,272.274,671067.0,103.1328,153038.0,1392.0,-0.012900001139847905
398,2022-08-28,3.0350000858306885,3.2049999237060547,1736.0999755859375,93.05999755859376,0.9971283078193665,25994.639,3.5,294.977,272.274,671067.0,103.1328,153038.0,1392.0,-0.03368805871951874
399,2022-09-04,3.193000078201294,3.344000101089477,1709.800048828125,86.87000274658203,0.995232880115509,25994.639,3.5,294.977,272.274,671067.0,103.1328,153038.0,1392.0,-0.010736500458081055
400,2022-09-11,3.321000099182129,3.4560000896453857,1716.199951171875,86.79000091552734,1.0012015104293823,25994.639,3.5,294.977,272.274,671067.0,103.1328,153038.0,1392.0,0.015271449816332883
401,2022-09-18,3.447999954223633,3.5190000534057617,1671.699951171875,85.11000061035156,0.9988313317298888,25994.639,3.5,294.977,272.274,671067.0,103.1328,153038.0,1392.0,-0.007182134089448455
402,2022-09-25,3.697000026702881,3.611999988555908,1645.300048828125,78.73999786376953,0.9841550588607788,25994.639,3.5,294.977,272.274,671067.0,103.1328,153038.0,1392.0,-0.017232619015461026
403,2022-10-02,3.803999900817871,3.765000104904175,1662.4000244140625,79.48999786376953,0.9829555749893188,26408.405,3.6,297.863,265.061,681748.0,103.4114,153897.0,1440.0,0.0
404,2022-10-09,3.882999897003174,3.8410000801086426,1700.5,92.63999938964844,0.9789045453071594,26408.405,3.6,297.863,265.061,681748.0,103.4114,153897.0,1440.0,-0.028003617786773516
405,2022-10-16,4.010000228881836,3.9779999256134033,1641.699951171875,85.61000061035156,0.975134015083313,26408.405,3.6,297.863,265.061,681748.0,103.4114,153897.0,1440.0,-0.02366266361565439
406,2022-10-23,4.2129998207092285,4.304999828338623,1651.0,85.05000305175781,0.9778899550437928,26408.405,3.6,297.863,265.061,681748.0,103.4114,153897.0,1440.0,0.02372481982226482
407,2022-10-30,4.010000228881836,4.129000186920166,1639.5999755859375,87.9000015258789,0.9967803955078124,26408.405,3.6,297.863,265.061,681748.0,103.4114,153897.0,1440.0,0.024626377895927698
408,2022-11-06,4.156000137329102,4.245999813079834,1672.5,92.61000061035156,0.9749630093574524,26408.405,3.6,297.863,265.061,681748.0,103.4114,153897.0,1440.0,0.013618724670070526
409,2022-11-13,3.812999963760376,4.058000087738037,1766.0,88.95999908447266,1.0192224979400637,26408.405,3.6,297.863,265.061,681748.0,103.4114,153897.0,1440.0,0.009240746788147902
410,2022-11-20,3.818000078201294,3.927000045776367,1751.9000244140625,80.08000183105469,1.036172866821289,26408.405,3.6,297.863,265.061,681748.0,103.4114,153897.0,1440.0,0.00475858190881473
411,2022-11-27,3.690999984741211,3.750999927520752,1753.300048828125,76.27999877929688,1.040810227394104,26408.405,3.6,297.863,265.061,681748.0,103.4114,153897.0,1440.0,-0.0002830441976333642
412,2022-12-04,3.50600004196167,3.562000036239624,1795.9000244140625,79.9800033569336,1.052842140197754,26408.405,3.6,297.863,265.061,681748.0,103.4114,153897.0,1440.0,-0.001194660488065602
413,2022-12-11,3.566999912261963,3.549000024795532,1798.0999755859375,71.0199966430664,1.0559661388397217,26408.405,3.6,297.863,265.061,681748.0,103.4114,153897.0,1440.0,-0.007349578247904498
414,2022-12-18,3.4820001125335693,3.532999992370605,1790.0,74.29000091552734,1.064056158065796,26408.405,3.6,297.863,265.061,681748.0,103.4114,153897.0,1440.0,-0.011137750774080746
415,2022-12-25,3.750999927520752,3.82699990272522,1795.9000244140625,79.55999755859375,1.060333013534546,26408.405,3.6,297.863,265.061,681748.0,103.4114,153897.0,1440.0,0.005868102525282026
416,2023-01-01,3.878999948501587,3.974999904632568,1819.699951171875,80.26000213623047,1.066075325012207,26813.601,3.4,300.356,260.227,693826.0,102.5478,154773.0,1361.0,0.0
