Date,Time,VIX,10Y_Treasury_Yield,30Y_Treasury_Yield,Gold_Price,Oil_Price,EUR_USD,GDP,Unemployment_Rate,CPI,PPI,Retail_Sales,Industrial_Production,Non_Farm_Payrolls,Housing_Starts
8/2/2015,0:20,-0.24062487,-0.13079533,0.19783828,-0.7245798,-0.3971806,0.25661558,-0.7905712,-0.19937405,-0.6146447,-0.69933593,-0.82686454,0.26058358,-0.117101364,-0.5059198
8/9/2015,1:20,-0.30673617,-0.08878967,0.056014873,-0.7491747,-0.36421418,0.20216812,-0.79117644,-0.29529774,-0.6806788,-0.7408756,-0.77067196,0.24742997,-0.24969909,-0.53602517
8/16/2015,2:20,-0.32629248,-0.111042716,0.06593171,-0.77108747,-0.32638392,0.12553062,-0.76651776,-0.33212894,-0.59424466,-0.6357448,-0.74607044,0.19155946,-0.14919212,-0.53979754
8/23/2015,3:20,-0.2657216,-0.01178412,0.18644464,-0.6293021,-0.4086483,0.15307733,-0.7412454,-0.36417007,-0.63501275,-0.6100737,-0.8096881,0.1873311,-0.09580239,-0.58108157
8/30/2015,4:20,-0.29161572,-0.04766515,0.19795975,-0.702328,-0.4184191,0.12504254,-0.8404918,-0.20331994,-0.55669266,-0.64418375,-0.87586576,0.13881454,-0.1055953,-0.4768485
9/6/2015,5:20,-0.24963957,-0.06698677,0.1564128,-0.69437,-0.49429792,0.1842197,-0.76303256,-0.19690567,-0.5394744,-0.60557854,-0.81458956,0.055260547,-0.22971386,-0.55065787
9/13/2015,6:20,-0.20505276,-0.091746256,0.052218065,-0.574475,-0.47577408,0.1494388,-0.6832936,-0.16117734,-0.6008158,-0.5941478,-0.7710772,-0.032303035,-0.20910868,-0.56214947
9/20/2015,7:20,-0.2781194,-0.0494733,0.007943333,-0.6584153,-0.4346729,0.18436024,-0.7079171,-0.19048333,-0.5713731,-0.64137375,-0.76739234,0.046486445,-0.22180292,-0.49774793
9/27/2015,8:20,-0.3194295,-0.086263314,0.06845641,-0.5825655,-0.48323414,0.18901595,-0.7202326,-0.20411646,-0.52147627,-0.563926,-0.8340911,0.028765367,-0.15356195,-0.5790407
10/4/2015,9:20,-0.34222654,-0.072719954,0.21418118,-0.6480124,-0.4834392,0.098848976,-0.74494505,-0.20676768,-0.47543618,-0.57799506,-0.90489036,0.14619741,-0.0968632,-0.44220302
10/11/2015,10:20,-0.35542613,-0.14529042,0.20531629,-0.70459044,-0.4194597,0.15462466,-0.74162114,-0.18185997,-0.49760053,-0.61031246,-0.8983288,0.24202299,-0.2336511,-0.4588681
10/18/2015,11:20,-0.33350784,-0.118089125,0.24593389,-0.69780344,-0.3939376,0.12404695,-0.6783129,-0.2020388,-0.49662057,-0.57377815,-0.77210426,0.15442514,-0.12553653,-0.55622923
10/25/2015,12:20,-0.29419956,-0.19583409,0.07247977,-0.6036834,-0.362279,0.16620228,-0.7164004,-0.26367342,-0.6076775,-0.67190576,-0.7211881,0.21277848,-0.15453646,-0.4674072
11/1/2015,13:20,-0.36084816,-0.049385026,0.17719968,-0.75499386,-0.35435152,0.05832514,-0.7607157,-0.26928416,-0.6355623,-0.68683827,-0.7463596,0.18102396,-0.06958563,-0.45972785
11/8/2015,14:20,-0.17602983,-0.08899672,0.121107146,-0.5747556,-0.39585334,0.2570593,-0.66785955,-0.24890393,-0.5870276,-0.61785674,-0.72504807,0.087790385,-0.118588425,-0.50557476
11/15/2015,15:20,-0.27059886,-0.071602784,0.09787399,-0.64995354,-0.47517514,0.14224003,-0.8067504,-0.27375287,-0.49948516,-0.5806968,-0.88006574,0.050863154,-0.20767082,-0.54446906
11/22/2015,16:20,-0.25651586,-0.039948963,0.000976496,-0.6917474,-0.36498702,0.24486306,-0.7730702,-0.3278131,-0.57017523,-0.58711696,-0.89023495,0.24661484,-0.22936362,-0.40327442
11/29/2015,17:20,-0.35566357,0.01595824,0.20140725,-0.71871775,-0.38961762,0.26212093,-0.7635746,-0.33473527,-0.62611735,-0.76030016,-0.95412743,0.38181713,-0.19666791,-0.4769844
12/6/2015,18:20,-0.4032264,-0.14279394,0.2369726,-0.79947424,-0.30847925,0.2759029,-0.851892,-0.27704194,-0.57240736,-0.7180271,-1.009251,0.3725357,-0.10187703,-0.42822868
12/13/2015,19:20,-0.32675096,-0.15882818,0.24423796,-0.7749556,-0.42375308,0.24747562,-0.76144063,-0.36994675,-0.5387161,-0.60661817,-0.88702357,0.24580339,-0.21027201,-0.63470584
12/20/2015,20:20,-0.29123947,-0.25302052,0.116903216,-0.71864045,-0.27337888,0.07938226,-0.7219863,-0.40281406,-0.726908,-0.65376806,-0.81997705,0.22458687,-0.08563165,-0.5356128
12/27/2015,21:20,-0.3196983,0.087837666,0.19360983,-0.8011666,-0.2568737,0.1884526,-0.6929946,-0.5246886,-0.8187659,-0.81571794,-0.7119856,0.3746258,-0.1540364,-0.53711706
1/3/2016,22:20,-0.2368232,-0.050909154,0.19303909,-0.699273,-0.3140542,0.27627623,-0.81144774,-0.48377323,-0.66698736,-0.8058698,-0.8332645,0.3327716,-0.050531577,-0.5222786
1/10/2016,23:20,-0.20074648,0.07065613,0.28127092,-0.7409358,-0.416442,0.3293502,-0.91371083,-0.3614701,-0.646326,-0.69011843,-1.0030512,0.3198021,-0.0521959,-0.43232664
1/17/2016,0:20,-0.19800553,-0.15099077,-0.03617391,-0.6292273,-0.48880774,0.49652946,-0.88313663,-0.2479085,-0.73872745,-0.7641643,-0.92878675,0.21259525,-0.2465803,-0.51713973
1/24/2016,1:20,-0.41092923,-0.12928917,0.005086393,-0.77304155,-0.40417725,0.22439112,-0.9077066,-0.3581113,-0.8324708,-0.8453622,-0.93751633,0.105640955,-0.204444,-0.593714
1/31/2016,2:20,-0.35541025,-0.09625237,-0.12163779,-0.5947008,-0.44605762,0.33113933,-0.78870916,-0.53219515,-0.85626686,-0.8657099,-0.8624696,0.12083813,-0.29817048,-0.6369854
2/7/2016,3:20,-0.41666183,-0.069522396,0.10946198,-0.72799087,-0.5591863,0.17250508,-1.0194265,-0.3924851,-0.73151815,-0.78598166,-1.1296092,0.040487207,-0.16271687,-0.61786383
2/14/2016,4:20,-0.27807853,-0.09913156,0.13212629,-0.65436155,-0.64525694,0.41455314,-0.9450433,-0.14686504,-0.7135454,-0.7118478,-1.1131359,-0.033381663,-0.18420951,-0.5703311
2/21/2016,5:20,-0.3300863,-0.1726198,0.034513444,-0.648457,-0.78450835,0.3036675,-0.91267776,-0.17568873,-0.75553584,-0.9071547,-1.0638568,-0.09409811,-0.41160738,-0.6912033
2/28/2016,6:20,-0.3671466,-0.19312023,-0.09630689,-0.69953775,-0.50364405,0.2765367,-0.86185765,-0.19008656,-0.77404743,-0.8367772,-0.9726955,-0.014598897,-0.33203578,-0.49719474
3/6/2016,7:20,-0.31211677,-0.07362425,0.008490131,-0.4504487,-0.7161048,0.45407274,-0.7488129,-0.22946581,-0.69504654,-0.79139376,-0.86007833,-0.06642345,-0.3115779,-0.73102266
3/13/2016,8:20,-0.32617113,-0.26395428,-0.016393282,-0.5549187,-0.6485442,0.18316835,-0.91689146,-0.0508139,-0.7361398,-0.7659792,-1.0102024,-0.1103832,-0.079181276,-0.48338267
3/20/2016,9:20,-0.38690302,-0.091856495,0.007257597,-0.6517726,-0.70095044,0.30720982,-0.7428938,-0.060695708,-0.76268923,-0.83859324,-0.8022116,0.018267559,-0.31928676,-0.54244107
3/27/2016,10:20,-0.4021128,-0.3946751,-0.008130833,-0.5238662,-0.63272,0.27421868,-0.8533865,-0.004823689,-0.76172894,-0.8860922,-0.88847417,-0.06602026,-0.19418034,-0.577783
4/3/2016,11:20,-0.4537072,-0.22964112,-0.008392154,-0.7018855,-0.6438007,0.31790853,-0.975822,-0.07311036,-0.7083415,-0.8642075,-0.92786837,-0.058120206,-0.28238153,-0.5566922
4/10/2016,12:20,-0.2926807,-0.3799269,-0.22203097,-0.59933156,-0.71156746,0.3210039,-0.8786205,-0.13931356,-0.71892595,-0.7871032,-0.8909617,-0.17778967,-0.3581258,-0.66316795
4/17/2016,13:20,-0.472259,-0.20198192,-0.025049955,-0.78404075,-0.5604611,0.17251483,-0.9432076,-0.1654786,-0.7836297,-0.851634,-1.0424109,0.07905238,-0.26622126,-0.46074513
4/24/2016,14:20,-0.44501898,-0.25831023,0.092794865,-0.69986725,-0.553697,0.53119576,-0.96522,-0.076311916,-0.6427135,-0.91876185,-1.0290694,0.18220827,-0.36971918,-0.5096505
5/1/2016,15:20,-0.45655006,-0.4078124,0.1303961,-0.72280204,-0.67718786,0.29344326,-1.0645345,-0.08227769,-0.57259154,-0.8781357,-1.1039655,-0.01097515,-0.2859867,-0.54944074
5/8/2016,16:20,-0.23879328,-0.31236166,-0.14847273,-0.6660733,-0.52559614,0.3614029,-0.8116156,-0.15794179,-0.7714112,-0.7979505,-0.81908077,0.02895418,-0.4399129,-0.41773775
5/15/2016,17:20,-0.35461164,-0.31309682,-0.09393764,-0.5762044,-0.4948489,0.34399733,-0.7602892,-0.12757196,-0.7700475,-0.92105293,-0.72307616,-0.019951073,-0.34080675,-0.5573583
5/22/2016,18:20,-0.3530269,-0.24773246,-0.05343306,-0.5360148,-0.5049587,0.3841682,-0.9035666,-0.13169402,-0.7667885,-0.8919755,-0.8323769,-0.07819201,-0.16301629,-0.47296065
5/29/2016,19:20,-0.3086376,-0.21613427,-0.13298286,-0.53804004,-0.75928956,0.36502078,-0.9049219,-0.13794312,-0.6521266,-0.87899685,-0.86349577,-0.10827225,-0.34343097,-0.47690496
6/5/2016,20:20,-0.3206772,-0.35705453,-0.077643596,-0.58977354,-0.6067945,0.332857,-0.95971453,0.021179765,-0.68686414,-0.78680956,-1.0302914,-0.08354116,-0.2787518,-0.3308955
6/12/2016,21:20,-0.37338457,-0.22360872,-0.0868713,-0.48321778,-0.71789914,0.5939006,-0.86318564,0.011793472,-0.6997706,-0.8778596,-0.92519706,-0.10671254,-0.47003677,-0.579923
6/19/2016,22:20,-0.43622673,-0.50703466,-0.27601683,-0.5441523,-0.657294,0.30785382,-1.0110438,-0.106131725,-0.6098466,-0.9096483,-0.96831006,-0.20840171,-0.41531876,-0.52111876
6/26/2016,23:20,-0.42280507,-0.19869687,-0.095057786,-0.54510033,-0.61945325,0.23763022,-0.80736303,-0.12535194,-0.72544056,-0.7687391,-0.8694866,-0.08880381,-0.33276168,-0.39211828
7/3/2016,0:20,-0.24984427,-0.32349423,-0.007234714,-0.31600153,-0.72753876,0.43927443,-0.7291659,0.15631989,-0.6762594,-0.8490871,-0.7455772,-0.21753852,-0.31848535,-0.46699995
7/10/2016,1:20,-0.40902165,-0.41766486,-0.08549927,-0.5580231,-0.69358397,0.25496057,-0.9194927,0.13495144,-0.58096653,-0.8926716,-0.8195142,-0.26330665,-0.35781965,-0.41986188
7/17/2016,2:20,-0.17750558,-0.3183296,-0.29219067,-0.29358494,-0.69891787,0.42287618,-0.65733767,0.08169341,-0.6044172,-0.7251549,-0.5795219,-0.3657813,-0.40303653,-0.4730203
7/24/2016,3:20,-0.24490908,-0.36749974,-0.2246976,-0.19735828,-0.7294589,0.27273786,-0.70116925,0.2614981,-0.5745586,-0.7013886,-0.6480967,-0.4474928,-0.22239378,-0.34535933
7/31/2016,4:20,-0.35833764,-0.34574988,-0.29267672,-0.35625923,-0.7283702,0.38367936,-0.7869686,0.2899766,-0.5905513,-0.778481,-0.6766848,-0.30414042,-0.44728723,-0.2837372
8/7/2016,5:20,-0.34275037,-0.39705774,-0.19779818,-0.3264361,-0.7536099,0.2583128,-0.6786722,0.1980368,-0.4274456,-0.74759185,-0.62514794,-0.39325237,-0.402521,-0.43466628
8/14/2016,6:20,-0.3318765,-0.43331203,-0.222556,-0.25528413,-0.60972637,0.29552794,-0.7400383,0.17454563,-0.4432048,-0.68364,-0.75938237,-0.18877524,-0.36242342,-0.17926337
8/21/2016,7:20,-0.40897158,-0.36080036,-0.1329767,-0.4439128,-0.687289,0.3676916,-0.7863332,0.34177998,-0.3974271,-0.6636112,-0.75129795,-0.21029754,-0.40937036,-0.29816076
8/28/2016,8:20,-0.32543918,-0.6022244,-0.16960567,-0.3784932,-0.60752165,0.27096862,-0.6421454,0.3227984,-0.41106856,-0.6490922,-0.6290671,-0.33460596,-0.29704642,-0.31591487
9/4/2016,9:20,-0.41285428,-0.44647807,-0.16446304,-0.33456862,-0.556411,0.17906725,-0.5842521,0.1434316,-0.4781415,-0.701671,-0.5368647,-0.2069655,-0.44999886,-0.29587552
9/11/2016,10:20,-0.29996338,-0.44688937,-0.14188337,-0.35742247,-0.43693766,0.23774365,-0.6059282,0.13652535,-0.36097893,-0.6185093,-0.48454866,-0.16864924,-0.34243524,-0.2002812
9/18/2016,11:20,-0.21276236,-0.35441974,-0.070580594,-0.22209565,-0.53426206,0.31648096,-0.592476,0.158169,-0.35298935,-0.6059439,-0.49805352,-0.19276068,-0.30056188,-0.2686983
9/25/2016,12:20,-0.2094818,-0.3332091,-0.19248708,-0.31079537,-0.48332036,0.24470596,-0.61541975,0.17850316,-0.40602708,-0.65612304,-0.500829,-0.11688777,-0.25235757,-0.06950655
10/2/2016,13:20,-0.26327243,-0.3065302,-0.14215226,-0.37762755,-0.40573385,0.34266317,-0.5637692,0.16973409,-0.35340065,-0.6423844,-0.4918874,0.00487298,-0.35554335,-0.09057952
10/9/2016,14:20,-0.28246322,-0.43609905,-0.08440361,-0.25976735,-0.43332288,0.370848,-0.5925652,0.17152303,-0.31130728,-0.563879,-0.5726156,-0.107329786,-0.22862193,-0.2297779
10/16/2016,15:20,-0.3222368,-0.41029707,-0.18886256,-0.38908285,-0.43664262,0.26709142,-0.6697546,0.03447859,-0.36601087,-0.56564224,-0.60720843,-0.06068375,-0.33396253,-0.2076558
10/23/2016,16:20,-0.3362328,-0.36076567,-0.09634487,-0.4876734,-0.32266673,0.1284158,-0.54856694,-0.0941917,-0.37819186,-0.55781174,-0.54039496,0.04253854,-0.3104005,-0.2260519
10/30/2016,17:20,-0.3095362,-0.2533544,0.14036448,-0.3880031,-0.2822624,0.24501756,-0.56665635,-0.09486678,-0.42530277,-0.63642704,-0.60492355,0.2182204,-0.2191332,-0.18234806
11/6/2016,18:20,-0.26746005,-0.2617301,0.15535143,-0.48497242,-0.3453311,0.31470406,-0.7140032,0.001371548,-0.30328572,-0.6391001,-0.61595917,0.15120058,-0.22228849,-0.19451244
11/13/2016,19:20,-0.13543074,-0.35913754,-0.021955293,-0.4251809,-0.34250167,0.27179348,-0.60652184,-0.027082331,-0.3454958,-0.56403005,-0.512239,0.029450262,-0.23120292,-0.1838864
11/20/2016,20:20,-0.10684122,-0.1968171,-0.12503293,-0.29698426,-0.28959554,0.26142752,-0.43673262,-0.03986671,-0.5589763,-0.5674753,-0.39203256,-0.033878364,-0.2147692,-0.21090604
11/27/2016,21:20,-0.21031517,-0.22132908,-0.19480997,-0.30521083,-0.27197796,0.32517007,-0.52288425,-0.084874906,-0.43109858,-0.6003102,-0.40335175,-0.054217525,-0.23134612,-0.24223836
12/4/2016,22:20,-0.21847495,-0.14166427,-0.04326239,-0.3136763,-0.3909772,0.20190383,-0.58765876,-0.18912458,-0.3477985,-0.47265562,-0.6070605,-0.061466813,-0.18449993,-0.2893555
12/11/2016,23:20,-0.14977345,-0.0884239,-0.020580556,-0.27209592,-0.4341978,0.24678192,-0.5444617,-0.0922831,-0.37074587,-0.46392244,-0.6498778,0.060572736,-0.21492755,-0.16793321
12/18/2016,0:20,-0.27021307,-0.11773974,0.097368315,-0.46936256,-0.37272996,0.25458875,-0.6133295,0.000638154,-0.3732486,-0.5611656,-0.69385135,0.1962206,-0.26804778,-0.17976598
12/25/2016,1:20,-0.27411744,-0.18041678,0.065704,-0.46840245,-0.32364762,0.29220366,-0.542963,-0.117198616,-0.39492047,-0.61160064,-0.5905696,0.22432935,-0.23823522,-0.31773162
1/1/2017,2:20,-0.2735824,-0.1799947,0.069871224,-0.5028151,-0.267638,0.12389602,-0.5595231,-0.23221333,-0.4217349,-0.55486834,-0.5958551,0.23058936,-0.09929953,-0.30701208
1/8/2017,3:20,-0.26400962,-0.12649299,0.12557986,-0.5738694,-0.22168958,0.14094979,-0.54858875,-0.21930075,-0.46753046,-0.46034953,-0.59954685,0.28726906,-0.027921546,-0.287942
1/15/2017,4:20,-0.2470718,-0.0742937,0.26519823,-0.6135719,-0.2657519,0.1124422,-0.5365484,-0.24111044,-0.47875822,-0.50163317,-0.62283534,0.27908278,-0.032958005,-0.42209473
1/22/2017,5:20,-0.288864,-0.13757677,0.17990583,-0.6264828,-0.18342344,0.11897144,-0.6553962,-0.34635517,-0.44752392,-0.5707189,-0.6658301,0.36174992,-0.093118034,-0.3553557
1/29/2017,6:20,-0.24641542,0.04655029,0.25602219,-0.6389802,-0.22118369,0.1399731,-0.6864704,-0.3853252,-0.4771733,-0.51201546,-0.7059397,0.3718784,-0.09559633,-0.35158518
2/5/2017,7:20,-0.103964165,0.019482246,0.1302219,-0.5535863,-0.26614326,0.20570281,-0.61180234,-0.3341368,-0.5236332,-0.53483725,-0.6610736,0.27253294,-0.106160335,-0.38118073
2/12/2017,8:20,-0.19253382,0.1027612,0.11419739,-0.6374626,-0.25048834,0.111688964,-0.6115711,-0.3378914,-0.5544703,-0.51424944,-0.69712996,0.21177375,-0.094917536,-0.4406485
2/19/2017,9:20,-0.21488556,0.09187712,0.08709412,-0.5261711,-0.3063128,0.18515821,-0.57301843,-0.32096463,-0.51173985,-0.45940635,-0.7036635,0.18409409,-0.05355303,-0.47013023
2/26/2017,10:20,-0.32616702,0.05316683,0.20744857,-0.6038289,-0.39908352,0.05926557,-0.7166616,-0.3235792,-0.49280223,-0.48745212,-0.9013572,0.18967417,-0.04258905,-0.4755259
3/5/2017,11:20,-0.3147672,0.05641535,0.21439555,-0.69052964,-0.39958876,0.088003725,-0.6821159,-0.28033134,-0.5512262,-0.47186312,-0.94026625,0.18482357,-0.10211073,-0.50537276
3/12/2017,12:20,-0.30998376,0.017122993,0.22800753,-0.6759347,-0.46252477,0.091386005,-0.6543462,-0.32048982,-0.506458,-0.48051926,-0.908533,0.10257547,-0.17252725,-0.6895968
3/19/2017,13:20,-0.33802548,-0.012423473,0.20252833,-0.7140926,-0.3838109,0.02830208,-0.7320858,-0.3392575,-0.5646625,-0.4788943,-0.9669737,0.16515878,-0.098730825,-0.5902606
3/26/2017,14:20,-0.3061082,0.11892146,0.2778145,-0.7161201,-0.45085013,0.096711665,-0.6699647,-0.31095916,-0.5987056,-0.55523837,-0.8687386,0.18980898,-0.11221572,-0.6228104
4/2/2017,15:20,-0.26489702,0.008132851,0.27150366,-0.68873775,-0.42826515,0.042498745,-0.6707481,-0.25095236,-0.60140884,-0.56515443,-0.8777464,0.13333285,-0.030066315,-0.57146317
4/9/2017,16:20,-0.24278352,0.09868825,0.23476973,-0.6821883,-0.45089036,0.12160254,-0.6415435,-0.27605918,-0.5541966,-0.50363445,-0.8132244,0.111675106,-0.13292046,-0.63546294
4/16/2017,17:20,-0.2042213,0.004894657,0.13555169,-0.59881234,-0.449532,0.08775152,-0.63310623,-0.25047117,-0.5576951,-0.4550811,-0.82099843,0.045414574,-0.0445449,-0.6290229
4/23/2017,18:20,-0.29273313,0.12871154,0.16094661,-0.67018676,-0.45083496,0.061608385,-0.66116583,-0.26130253,-0.6423695,-0.5220692,-0.84483135,0.1398621,-0.069754355,-0.57874185
4/30/2017,19:20,-0.31951144,0.07076258,0.21238002,-0.67546684,-0.46120343,0.08105996,-0.66665244,-0.25376797,-0.581415,-0.54615545,-0.8453834,0.16762507,-0.07823219,-0.5981918
5/7/2017,20:20,-0.34447265,0.03251098,0.30023918,-0.73318136,-0.4702461,0.045311145,-0.7571142,-0.27787787,-0.5435038,-0.55510426,-0.95100355,0.21455802,-0.094740234,-0.5950065
5/14/2017,21:20,-0.29014465,0.010307843,0.21100758,-0.7618866,-0.44754124,0.10849883,-0.7508471,-0.24181473,-0.5838838,-0.5260252,-0.9288107,0.17288886,-0.10937152,-0.62326735
5/21/2017,22:20,-0.28758588,0.020928582,0.19291708,-0.77668536,-0.43147624,0.058021683,-0.6931758,-0.2719163,-0.59554267,-0.5187589,-0.86794573,0.116021566,-0.081187755,-0.6639172
5/28/2017,23:20,-0.29555508,0.04283403,0.1971928,-0.7357662,-0.36889175,0.030353636,-0.64548326,-0.317327,-0.610141,-0.5133772,-0.8497804,0.16807535,-0.07714442,-0.60938936
6/4/2017,0:20,-0.28186637,0.103116915,0.26847392,-0.69181997,-0.38585138,0.06953508,-0.6392697,-0.3053376,-0.5458492,-0.4967009,-0.8253444,0.18433902,-0.073272206,-0.5937633
6/11/2017,1:20,-0.25698373,0.035527647,0.24435505,-0.63539064,-0.3968252,0.08595163,-0.67214215,-0.26635385,-0.5245707,-0.4884731,-0.8281344,0.16298282,-0.048154626,-0.5513738
6/18/2017,2:20,-0.23261371,0.07336355,0.2123486,-0.6382059,-0.3992294,0.071938336,-0.64129066,-0.24545947,-0.56082416,-0.5126489,-0.7690371,0.113329865,-0.07165729,-0.538463
6/25/2017,3:20,-0.18797028,0.06484422,0.10150683,-0.56989443,-0.38935468,0.08294909,-0.5496347,-0.25883207,-0.5905503,-0.49911368,-0.68558407,0.049513042,-0.08125426,-0.54813004
7/2/2017,4:20,-0.23109877,0.08740694,0.095930785,-0.5618645,-0.39041904,0.09450116,-0.5969653,-0.2628546,-0.55405986,-0.48502895,-0.7269982,0.06634228,-0.0892067,-0.53798133
7/9/2017,5:20,-0.24337105,0.08785185,0.14639924,-0.5630987,-0.42001012,0.11771778,-0.6255778,-0.23658693,-0.5104644,-0.45824727,-0.787876,0.09190629,-0.0462054,-0.51019025
7/16/2017,6:20,-0.2827687,0.04158546,0.15398285,-0.58889747,-0.4455757,0.11671063,-0.67119634,-0.23879594,-0.5182767,-0.527974,-0.8434998,0.16637665,-0.11436496,-0.48733702
7/23/2017,7:20,-0.32459724,0.019356737,0.18953358,-0.6906739,-0.36497915,0.09671463,-0.6844213,-0.2556541,-0.5242182,-0.5366193,-0.85373735,0.22663552,-0.10805978,-0.45555434
7/30/2017,8:20,-0.28241333,-0.022777202,0.17882484,-0.62081593,-0.36459133,0.18573897,-0.644119,-0.2654107,-0.5223959,-0.53164303,-0.8010061,0.1897677,-0.13039114,-0.5445077
8/6/2017,9:20,-0.30904433,-0.042780228,0.14796135,-0.68381095,-0.35469323,0.08104749,-0.70083237,-0.32376367,-0.55371,-0.54104495,-0.82956034,0.17324018,-0.08547703,-0.5250332
8/13/2017,10:20,-0.25463766,0.043099612,0.14402857,-0.6877171,-0.31330913,0.12332128,-0.6287011,-0.35018167,-0.6018797,-0.5326327,-0.7689673,0.21795677,-0.10640821,-0.50522745
8/20/2017,11:20,-0.2587798,0.04259789,0.21878327,-0.6316979,-0.3472873,0.14173344,-0.6354619,-0.33046457,-0.5794135,-0.5735091,-0.7869474,0.22121309,-0.058439136,-0.52378684
8/27/2017,12:20,-0.25312257,0.03810873,0.19057107,-0.64368445,-0.34465328,0.20198332,-0.7306272,-0.30404222,-0.5729158,-0.57668984,-0.82865435,0.24262387,-0.09363746,-0.4665515
9/3/2017,13:20,-0.22052303,0.03355439,0.124981195,-0.63468885,-0.40256846,0.20425583,-0.6867522,-0.31355563,-0.5927387,-0.5966536,-0.7760476,0.1933881,-0.13003571,-0.5099565
9/10/2017,14:20,-0.21624514,-0.005347753,0.053000204,-0.5494957,-0.36059496,0.20074263,-0.68072855,-0.2673034,-0.6733785,-0.5965222,-0.7608039,0.11284102,-0.09249675,-0.4980789
9/17/2017,15:20,-0.2806241,0.049676128,0.03962548,-0.5646473,-0.4472969,0.1986801,-0.69684505,-0.27151853,-0.6495218,-0.6155865,-0.7442191,0.043819033,-0.12709093,-0.5463708
9/24/2017,16:20,-0.23956074,-0.022322657,0.011458457,-0.5560024,-0.47247607,0.13815275,-0.72136986,-0.29699886,-0.60686827,-0.5813862,-0.8156986,-0.020326545,-0.15489838,-0.5569777
10/1/2017,17:20,-0.256558,0.087492466,0.086017355,-0.5760115,-0.5122702,0.13708387,-0.690063,-0.22834921,-0.6074535,-0.55012465,-0.876325,0.002989033,-0.14169821,-0.5298304
10/8/2017,18:20,-0.20686486,0.042508274,0.075323224,-0.5496364,-0.5318696,0.24910492,-0.66926706,-0.1372189,-0.54509073,-0.5280174,-0.8504421,-0.001078611,-0.184297,-0.5497217
10/15/2017,19:20,-0.3071337,-0.03539624,0.11186133,-0.5945897,-0.50597715,0.14746526,-0.68338084,-0.1226923,-0.50639325,-0.5585121,-0.8581806,0.057032727,-0.16524173,-0.5109015
10/22/2017,20:20,-0.26690575,-0.006312726,0.099592246,-0.5409433,-0.45087358,0.17320213,-0.5887635,-0.17515822,-0.5784385,-0.5621104,-0.73004526,0.118396394,-0.15769163,-0.4889802
10/29/2017,21:20,-0.3013011,-0.057448663,0.11707044,-0.5606749,-0.41468146,0.1035678,-0.59955466,-0.15650046,-0.55850416,-0.5834973,-0.68250287,0.11565713,-0.08928513,-0.49012357
11/5/2017,22:20,-0.25642958,-0.032457,0.13897517,-0.630754,-0.38149288,0.1041628,-0.6124053,-0.21392775,-0.55442935,-0.54002213,-0.67519605,0.12805031,-0.06458727,-0.50491416
11/12/2017,23:20,-0.19653521,0.00677149,0.124550655,-0.5665935,-0.4077516,0.10235972,-0.56377566,-0.18945342,-0.5521438,-0.48569015,-0.65057445,0.089411974,-0.036545932,-0.5452801
11/19/2017,0:20,-0.21414985,0.033452436,0.15155357,-0.6165265,-0.36627775,0.08855868,-0.609213,-0.16400196,-0.52020085,-0.4889299,-0.6619409,0.16948384,-0.03641549,-0.4326231
11/26/2017,1:20,-0.24041925,0.035516754,0.1691109,-0.6037705,-0.36557868,0.14345859,-0.6165904,-0.18349601,-0.51045674,-0.52837753,-0.6446812,0.2455669,-0.122429855,-0.46220663
12/3/2017,2:20,-0.23201421,0.020948632,0.18930414,-0.6262483,-0.33460936,0.087860815,-0.6440865,-0.21276525,-0.5033608,-0.5614011,-0.6498265,0.2475766,-0.062895976,-0.4378203
12/10/2017,3:20,-0.18274137,0.047720283,0.13357362,-0.61589605,-0.3106349,0.11845424,-0.6076852,-0.21120252,-0.50619996,-0.4880794,-0.611864,0.2067841,-0.0819528,-0.4589355
12/17/2017,4:20,-0.16555808,0.048098385,0.12886924,-0.61589813,-0.3372693,0.066337384,-0.56752217,-0.18858302,-0.48377895,-0.43354905,-0.591659,0.13685651,-0.042571086,-0.49475965
12/24/2017,5:20,-0.19327185,0.06533795,0.14261442,-0.63268167,-0.2923989,0.045445852,-0.55896354,-0.19806719,-0.50123507,-0.4366391,-0.61299336,0.19439697,-0.05083503,-0.454071
12/31/2017,6:20,-0.24857414,0.07391757,0.22062825,-0.6418601,-0.31234384,0.058969975,-0.58923984,-0.18292844,-0.43298736,-0.45646435,-0.64179426,0.21962556,-0.060540866,-0.4687842
1/7/2018,7:20,-0.21815768,0.035265625,0.22081031,-0.6423901,-0.3137996,0.04967898,-0.6187402,-0.23206969,-0.40467304,-0.4175926,-0.684049,0.22039951,-0.059909645,-0.4584216
1/14/2018,8:20,-0.19282675,0.069936246,0.2068091,-0.65626043,-0.2852193,0.037186444,-0.5769117,-0.21460038,-0.4216952,-0.39514616,-0.673951,0.22244948,-0.081580125,-0.45127517
1/21/2018,9:20,-0.18709916,0.06315753,0.19341533,-0.62624013,-0.26340514,0.046070866,-0.51737964,-0.21538292,-0.42024556,-0.36923566,-0.61500126,0.17414145,-0.044523757,-0.49095163
1/28/2018,10:20,-0.17521107,0.10836406,0.21378806,-0.5888072,-0.26107493,0.011026884,-0.4816723,-0.23861769,-0.43244672,-0.35089603,-0.5868309,0.18156534,-0.04012256,-0.48256397
2/4/2018,11:20,-0.15827689,0.12754284,0.2401982,-0.587081,-0.2521759,-0.019415848,-0.43750578,-0.21151337,-0.39897546,-0.35377577,-0.53064233,0.20901988,-0.01727249,-0.4295609
2/11/2018,12:20,-0.10862675,0.14190863,0.26376662,-0.51305854,-0.24999277,0.026542794,-0.40987507,-0.1739932,-0.3936742,-0.31304884,-0.47640893,0.19602239,-0.00364653,-0.44134584
2/18/2018,13:20,-0.13112666,0.14453456,0.19560394,-0.53986496,-0.26608008,0.012462689,-0.44555414,-0.21106294,-0.4103562,-0.3827077,-0.46653485,0.2720068,-0.012324018,-0.39843103
2/25/2018,14:20,-0.11229317,0.15826787,0.22034985,-0.5986599,-0.18672639,0.013157481,-0.4542612,-0.1918076,-0.41164562,-0.3484134,-0.47386524,0.2754904,0.030948857,-0.4009535
3/4/2018,15:20,-0.1412394,0.1510032,0.22647841,-0.56133074,-0.2636694,0.03477684,-0.42974088,-0.1863177,-0.40868458,-0.3304763,-0.49112603,0.2705666,0.056986414,-0.45309347
3/11/2018,16:20,-0.17609742,0.10178972,0.2247395,-0.66421425,-0.2180414,-0.038076326,-0.52748203,-0.1728396,-0.39231881,-0.29877907,-0.5579277,0.26779106,0.017361594,-0.44809976
3/18/2018,17:20,-0.20131357,0.13892658,0.27322325,-0.68955696,-0.19773579,-0.06630723,-0.44271705,-0.26190168,-0.37390587,-0.30078557,-0.5052594,0.3247242,0.007794511,-0.475016
3/25/2018,18:20,-0.14397001,0.15115206,0.3140664,-0.62524045,-0.16180782,-0.060742088,-0.47200263,-0.28809068,-0.39915222,-0.3132022,-0.52255386,0.3473466,-0.004113492,-0.48419592
4/1/2018,19:20,-0.15101762,0.23106374,0.36393085,-0.7484951,-0.14131388,-0.109814584,-0.47086048,-0.27508655,-0.32467353,-0.283044,-0.4946287,0.38218743,0.054896712,-0.4195733
4/8/2018,20:20,-0.036038034,0.18351196,0.3173392,-0.63995147,-0.13209738,-0.004987935,-0.4179067,-0.26814893,-0.34798408,-0.27290192,-0.46041095,0.38518035,0.016339488,-0.45013246
4/15/2018,21:20,-0.13907701,0.2052291,0.35426897,-0.66926223,-0.119321145,-0.0968907,-0.44614398,-0.14763688,-0.3607135,-0.25956482,-0.48478943,0.29384154,0.16844167,-0.40542117
4/22/2018,22:20,-0.046596166,0.1716557,0.22111133,-0.61193866,-0.15424432,0.01930901,-0.37484774,-0.23987168,-0.33517003,-0.22247615,-0.386371,0.22830918,-0.006764641,-0.47173446
4/29/2018,23:20,-0.12518556,0.14069794,0.23630619,-0.5748622,-0.14171508,-0.21080972,-0.36542702,-0.25633162,-0.29695567,-0.14628887,-0.45185414,0.1231148,0.05589985,-0.5125216
5/6/2018,0:20,-0.04742583,0.3130123,0.22376464,-0.5383878,-0.10894988,-0.06299823,-0.3105214,-0.33652082,-0.33029097,-0.1441532,-0.3969891,0.2680046,0.019757472,-0.40170094
5/13/2018,1:20,-0.11629358,0.28500214,0.32384282,-0.58101493,-0.13843337,-0.1092933,-0.3804548,-0.27939755,-0.25493374,-0.21522929,-0.5003721,0.35202226,0.035615936,-0.40992
5/20/2018,2:20,-0.03473235,0.330934,0.4695759,-0.60841036,-0.07179674,-0.073495395,-0.30194375,-0.19590905,-0.19437468,-0.11748237,-0.45950535,0.37131244,0.15886982,-0.3151577
5/27/2018,3:20,-0.017754795,0.2143039,0.29203865,-0.44771212,-0.16876444,-0.010857947,-0.2203739,-0.15282685,-0.24371435,-0.12852313,-0.33412114,0.339391,0.021203348,-0.4235296
6/3/2018,4:20,-0.15542342,0.15875407,0.26413554,-0.6722682,0.035063088,-0.22696936,-0.32075432,-0.23862194,-0.28830454,-0.16264425,-0.29911593,0.3784771,0.17143324,-0.3178392
6/10/2018,5:20,-0.034657937,0.32662097,0.3317843,-0.49817938,0.025846204,-0.10148378,-0.104363926,-0.3843632,-0.36707586,-0.13564594,-0.17850494,0.392508,0.16344549,-0.47031003
6/17/2018,6:20,-0.071496636,0.24078755,0.37009442,-0.5182261,-0.05468136,-0.2496523,-0.31315303,-0.29571164,-0.22055063,-0.10595001,-0.32279503,0.28895363,0.24600433,-0.4333519
6/24/2018,7:20,-0.028634418,0.36727732,0.3903013,-0.69914407,-0.03308016,-0.1775414,-0.34670797,-0.2961058,-0.23193647,-0.007957246,-0.36732373,0.4471291,0.13391672,-0.30048376
7/1/2018,8:20,0.06481373,0.34488985,0.41441077,-0.5097134,-0.06970407,-0.08148804,-0.20284677,-0.23934004,-0.24797978,-0.14690207,-0.25811607,0.4154048,0.07414078,-0.4546865
7/8/2018,9:20,-0.06261131,0.35305414,0.34371465,-0.6611948,0.08809271,-0.18991211,-0.33335435,-0.31505525,-0.27286053,-0.19562705,-0.33401147,0.53225857,0.16177224,-0.25595754
7/15/2018,10:20,0.010539331,0.446834,0.29057664,-0.6169045,0.02154732,-0.038469497,-0.22370258,-0.37288907,-0.19033402,-0.04517568,-0.21988851,0.5247384,0.061036322,-0.42799658
7/22/2018,11:20,-0.017278876,0.28460923,0.45102927,-0.6082388,0.08440655,-0.3011115,-0.23391698,-0.3548866,-0.16763131,0.023653444,-0.35236388,0.4765002,0.39167792,-0.36219528
7/29/2018,12:20,-0.06974855,0.47966436,0.4751277,-0.71736,0.12194278,-0.17572859,-0.21910164,-0.36614233,-0.31828216,-0.041438796,-0.356441,0.6704813,0.16626665,-0.34487167
8/5/2018,13:20,-0.12966631,0.2972742,0.5164289,-0.8174727,0.10542039,-0.28107053,-0.25094873,-0.4254706,-0.11362693,-0.049173757,-0.30047128,0.574768,0.20882255,-0.5110402
8/12/2018,14:20,-0.00058404,0.3889269,0.58276534,-0.7357114,0.23955642,-0.27174085,-0.25036162,-0.5424536,-0.26624653,0.024558052,-0.38592383,0.7024203,0.27758798,-0.37247336
8/19/2018,15:20,0.018709954,0.49825457,0.47824144,-0.7107867,0.1306753,-0.13387097,-0.2198236,-0.4533872,-0.28822112,-0.09382096,-0.24154115,0.6564436,0.20484954,-0.4483136
8/26/2018,16:20,0.038932987,0.3805244,0.45463824,-0.8047899,0.2604486,-0.23357752,-0.28773937,-0.5099165,-0.29006305,-0.050649866,-0.2973888,0.609114,0.30883655,-0.3634562
9/2/2018,17:20,0.056500416,0.54564464,0.4416609,-0.56889987,0.14792238,-0.09927086,-0.14047554,-0.52902687,-0.32158837,-0.044944897,-0.22075701,0.5668816,0.21318303,-0.48210186
9/9/2018,18:20,0.085996374,0.4551297,0.33565304,-0.58641785,0.14907409,-0.20267256,-0.24241877,-0.4847908,-0.29848316,-0.009023964,-0.29995212,0.44307417,0.2971937,-0.37754038
9/16/2018,19:20,0.03383721,0.58519924,0.27159974,-0.5958368,0.11078588,-0.111822486,-0.17027411,-0.5231806,-0.3491129,0.001948629,-0.27412206,0.52235484,0.13147567,-0.4217295
9/23/2018,20:20,-0.018274449,0.5209857,0.38971943,-0.55902267,0.068814,-0.18733636,-0.20184764,-0.5302072,-0.3195643,-0.0697429,-0.362075,0.5226494,0.26232806,-0.46545577
9/30/2018,21:20,-0.08959071,0.55176276,0.44086468,-0.66875625,0.08221175,-0.14445744,-0.32651028,-0.50966656,-0.34769672,-0.0947081,-0.5056221,0.6644472,0.21950364,-0.3814983
10/7/2018,22:20,-0.05637407,0.5003936,0.49166697,-0.73661166,-0.024578182,-0.14644507,-0.28156832,-0.46170688,-0.27979,-0.046741765,-0.44943017,0.56513846,0.20875552,-0.5551639
10/14/2018,23:20,-0.02097544,0.39847365,0.4771683,-0.70220834,0.07094285,-0.24738765,-0.24374463,-0.4688232,-0.3799988,-0.028419351,-0.42741996,0.55903393,0.27706894,-0.525237
10/21/2018,0:20,-0.10305552,0.52725,0.44606394,-0.769142,0.093944244,-0.22501314,-0.24148652,-0.5675165,-0.43956164,-0.15512808,-0.31546003,0.6678826,0.19553752,-0.56052107
10/28/2018,1:20,-0.047999498,0.4876528,0.5170805,-0.7992835,0.17041573,-0.27301797,-0.29208076,-0.6042812,-0.3846805,-0.12858076,-0.3539607,0.666651,0.35292673,-0.50956976
11/4/2018,2:20,0.022510532,0.59004176,0.5968936,-0.7322537,0.0712929,-0.20610897,-0.2689732,-0.55431336,-0.3345807,-0.039374243,-0.39205214,0.6250316,0.34548628,-0.546935
11/11/2018,3:20,0.070252925,0.5016124,0.47606343,-0.7750795,0.05910044,-0.2077501,-0.31002834,-0.46582142,-0.34073976,-0.00556124,-0.4158455,0.5691483,0.2972777,-0.51114225
11/18/2018,4:20,-0.002856653,0.5606945,0.45414448,-0.81837356,0.11743494,-0.21575497,-0.24326165,-0.5066975,-0.38695756,-0.05017002,-0.34934273,0.6186924,0.22824264,-0.54755676
11/25/2018,5:20,-0.015784573,0.54903626,0.4625968,-0.69651467,0.14157318,-0.2073759,-0.22339076,-0.58201635,-0.381257,-0.092638,-0.32091925,0.63091785,0.28459084,-0.55896205
12/2/2018,6:20,-0.013842545,0.6111466,0.51908857,-0.74275744,0.104519,-0.26866642,-0.295732,-0.5560974,-0.33310595,-0.030243792,-0.37224147,0.6237877,0.30593,-0.5009339
12/9/2018,7:20,0.05160806,0.55616707,0.47632122,-0.7224486,0.06163553,-0.23532245,-0.24772647,-0.51329273,-0.3107705,0.005572278,-0.3175113,0.58574843,0.28162667,-0.5259854
12/16/2018,8:20,0.02056165,0.5556918,0.52099776,-0.7153908,0.1003521,-0.28813943,-0.25691885,-0.4338084,-0.37450224,-0.034512058,-0.3444018,0.5353271,0.3376228,-0.5198898
12/23/2018,9:20,0.023341611,0.55495715,0.4316535,-0.6819774,0.059358567,-0.22423267,-0.22385514,-0.4110437,-0.30705807,-0.021891842,-0.26006126,0.4220677,0.27341542,-0.55228835
12/30/2018,10:20,0.008714225,0.4780836,0.35353214,-0.6595824,-0.003658632,-0.33392563,-0.2611997,-0.4420683,-0.2773171,0.041683868,-0.33865017,0.33954018,0.23924206,-0.55754125
1/6/2019,11:20,0.020468175,0.58818924,0.39672434,-0.6750063,0.03922788,-0.29014987,-0.21031114,-0.41431338,-0.3007395,0.077731654,-0.36697552,0.38739613,0.2562649,-0.4911322
1/13/2019,12:20,-0.06379549,0.49093357,0.4238307,-0.6436448,-0.015421571,-0.20019972,-0.28061807,-0.38624397,-0.21110573,-0.005812049,-0.46406823,0.42272198,0.18603562,-0.5455791
1/20/2019,13:20,-0.047904793,0.47540843,0.522811,-0.67376786,0.002863463,-0.2949857,-0.29493055,-0.32418603,-0.121462815,0.13947122,-0.48289087,0.29740432,0.25433862,-0.5225058
1/27/2019,14:20,0.0380673,0.42697144,0.3418172,-0.5164417,-0.052814253,-0.24590155,-0.110365264,-0.3669542,-0.19421874,0.083431706,-0.28705218,0.34656256,0.0901431,-0.4778343
2/3/2019,15:20,-0.017237319,0.45558724,0.41215554,-0.6204237,0.1314878,-0.36200476,-0.14287962,-0.3184955,-0.25456303,0.0306813,-0.24288419,0.35910362,0.193685,-0.4147864
2/10/2019,16:20,0.043515667,0.5250239,0.39445436,-0.4985025,0.078204595,-0.17165768,-0.015862726,-0.38360602,-0.19233508,0.021681555,-0.123040184,0.3780492,0.24512883,-0.46930844
2/17/2019,17:20,0.04496308,0.44407016,0.3780649,-0.5422175,0.019178754,-0.31092718,-0.18425202,-0.37629578,-0.14405975,0.078972325,-0.31660742,0.3605044,0.2942974,-0.43300992
2/24/2019,18:20,-0.022944808,0.47988817,0.438274,-0.6554918,0.10336021,-0.22799414,-0.15195483,-0.24142897,-0.14477965,0.17514089,-0.33958244,0.4854676,0.35614872,-0.27945727
3/3/2019,19:20,-0.056702305,0.35558406,0.4745386,-0.5479982,0.003682265,-0.12002322,-0.16101304,-0.31283528,-0.19186819,0.009235214,-0.32981348,0.49344218,0.1567847,-0.51410645
3/10/2019,20:20,-0.23152152,0.27102986,0.40459895,-0.7715767,0.19485646,-0.38754436,-0.33866122,-0.49111855,-0.20270316,-0.06531298,-0.40382862,0.57173556,0.21560737,-0.3738511
3/17/2019,21:20,-0.02224604,0.4909028,0.4570693,-0.6649457,0.16629334,-0.18993033,-0.17519692,-0.64493155,-0.23823404,0.009944376,-0.25791684,0.6195183,0.13481137,-0.47129193
3/24/2019,22:20,-0.002114106,0.40389654,0.5036833,-0.6535309,0.15487207,-0.29837066,-0.27837908,-0.5219573,-0.26844475,-0.035875633,-0.40639457,0.5730274,0.35086697,-0.40220922
3/31/2019,23:20,-0.008289706,0.5631482,0.51195943,-0.843163,0.18936367,-0.108646065,-0.314743,-0.46532518,-0.2946169,-0.08794985,-0.41411605,0.68580425,0.21665348,-0.3261185
4/7/2019,0:20,0.025171023,0.3871124,0.43614057,-0.6160883,0.075183414,-0.09320646,-0.19454046,-0.47482416,-0.2086946,-0.023525499,-0.3453596,0.4712171,0.23727024,-0.5450435
4/14/2019,1:20,-0.041884568,0.40386006,0.36793506,-0.63181424,0.17186064,-0.18261702,-0.32078713,-0.5441952,-0.329915,-0.035766445,-0.45621505,0.57060105,0.23502393,-0.32608762
4/21/2019,2:20,-0.07047044,0.48350927,0.31636646,-0.65994036,0.10348988,-0.07494931,-0.25080323,-0.6104461,-0.36031285,-0.095475614,-0.3436292,0.55440897,0.101348996,-0.5121268
4/28/2019,3:20,-0.06172246,0.376786,0.42997348,-0.59135616,0.114456676,-0.2212996,-0.32329336,-0.602153,-0.35479644,-0.11736765,-0.45753786,0.44433755,0.30539098,-0.49768558
5/5/2019,4:20,0.005098217,0.5770019,0.43087608,-0.5820055,-0.004404059,-0.12812445,-0.2803864,-0.5038352,-0.38403478,-0.08058709,-0.41329294,0.41862163,0.18844132,-0.45052972
5/12/2019,5:20,0.04956362,0.36111498,0.24902678,-0.5485565,-0.07732573,-0.09211701,-0.30076858,-0.35866734,-0.3455574,-0.13147594,-0.36791483,0.29781145,0.12298628,-0.4620814
5/19/2019,6:20,-0.006212126,0.49062887,0.27004287,-0.54670787,-0.006713886,-0.10639463,-0.24625139,-0.37268287,-0.46208262,-0.13400894,-0.3729789,0.28675443,0.20170224,-0.44418526
5/26/2019,7:20,0.007662237,0.41229457,0.11186588,-0.3483566,-0.108924046,0.041475255,-0.213497,-0.3919189,-0.34411347,-0.15412673,-0.30864042,0.2052041,0.10508936,-0.53075075
6/2/2019,8:20,-0.119534045,0.36554125,0.24569198,-0.52023625,-0.11634673,-0.26703668,-0.35742044,-0.37146902,-0.2607942,0.014522869,-0.52055305,0.1640997,0.23380466,-0.43867394
6/9/2019,9:20,0.001483243,0.44175726,0.2932693,-0.38298166,-0.1696214,-0.08284065,-0.1309023,-0.24928236,-0.31332535,0.0275101,-0.3547084,0.21617016,0.112143196,-0.4673389
6/16/2019,10:20,-0.123670116,0.2842757,0.37394813,-0.46828908,-0.16619083,-0.28158295,-0.23167767,-0.15852922,-0.26709595,-0.13512847,-0.3553054,0.17331427,0.1477351,-0.47828704
6/23/2019,11:20,-0.081628025,0.3396605,0.252232,-0.48574817,-0.073053695,-0.17034785,-0.19950677,-0.1941525,-0.29665995,-0.10713435,-0.21527964,0.24801123,0.10971772,-0.37480718
6/30/2019,12:20,0.03244807,0.33215716,0.26831582,-0.37525678,-0.18083687,-0.18772097,-0.12020084,-0.15905166,-0.24093886,-0.07449098,-0.14730594,0.11875383,0.19970977,-0.46656498
7/7/2019,13:20,-0.017062593,0.21917404,0.17039835,-0.40639508,-0.055160865,-0.18236724,-0.23761238,-0.061643127,-0.24269357,-0.004428813,-0.26470065,0.11666755,0.25624394,-0.30519506
7/14/2019,14:20,-0.08746837,0.3237917,0.21610022,-0.42748976,-0.19445784,-0.13929796,-0.18593964,-0.08596163,-0.15437621,0.028532252,-0.22337702,0.056326814,0.10760384,-0.46858016
7/21/2019,15:20,-0.08414124,0.09818627,0.14114182,-0.3817584,-0.07396465,-0.2826827,-0.22215505,-0.16916549,-0.12340984,0.014209881,-0.3146109,0.09557526,0.11907275,-0.3232228
7/28/2019,16:20,-0.16460454,0.34527197,0.28550106,-0.4535964,-0.049431473,-0.21094994,-0.2013897,-0.12836573,-0.1616164,0.005619627,-0.32626653,0.21463963,0.03597447,-0.28303814
8/4/2019,17:20,-0.027694147,0.14068733,0.20229524,-0.32826495,-0.11759887,-0.08845966,-0.16718675,-0.03433185,-0.064081505,0.01678605,-0.23049754,0.042370655,0.071985975,-0.3532398
8/11/2019,18:20,-0.06901534,0.16377641,0.21315993,-0.3634439,-0.09120765,-0.26924646,-0.17237562,-0.056224868,-0.08970312,0.04584028,-0.23434845,-0.006182116,0.07163153,-0.28872344
8/18/2019,19:20,0.065944925,0.2146932,0.10062153,-0.19634809,-0.06884977,-0.1350526,0.03508132,-0.008836417,-0.120194934,0.07117551,-0.011522636,-0.050244465,0.036526628,-0.25064456
8/25/2019,20:20,-0.017366236,0.15277238,0.09387217,-0.15969115,-0.100273736,-0.18209693,-0.06860468,0.013659729,-0.06666642,0.011044361,-0.059438795,-0.079633854,0.059379585,-0.24200366
9/1/2019,21:20,0.025435235,0.19146462,0.09093284,-0.14558926,-0.077454425,-0.114533484,-0.07310399,0.072148204,-0.013706161,0.09402542,-0.060101725,-0.11323461,0.11057208,-0.14261788
9/8/2019,22:20,0.04167914,0.126939,0.040373016,-0.046876658,-0.22513108,-0.11672719,-0.018769417,0.091334924,0.027052114,0.070358165,-0.068600744,-0.16400407,0.008741755,-0.18867381
9/15/2019,23:20,-0.00266448,0.081982374,0.034742698,-0.14001006,-0.08626623,-0.18187264,-0.05481039,0.211712,0.021657085,0.15677184,-0.112515986,-0.18741752,0.040607687,-0.08086141
9/22/2019,0:20,-0.04909496,0.07685794,-0.000391752,-0.07432659,-0.17755605,-0.044727072,0.03786271,0.1178432,0.073702805,0.07041754,0.001033627,-0.11370365,-0.09709249,-0.19678731
9/29/2019,1:20,-0.100578174,-0.057848528,0.068158,-0.14351492,-0.040563166,-0.23969233,-0.11097247,0.10942876,0.066739,0.05858481,-0.1424031,-0.09068711,0.061459605,-0.07586563
10/6/2019,2:20,-0.05195457,0.09261924,0.15936986,-0.14266837,-0.061364815,-0.098805085,0.034746874,0.14228621,0.11798589,0.11622925,-0.012686268,-0.043108277,0.031266738,-0.036838997
10/13/2019,3:20,0.02110909,-0.15129347,0.07812484,-0.052783754,-0.08445982,-0.11938843,-0.009884415,0.1568521,0.15248659,0.10554181,-0.020617036,-0.13828492,-0.031486493,-0.10366945
10/20/2019,4:20,-0.06285803,-0.043228343,0.08623008,-0.17492,0.08222123,-0.18669586,-0.01180717,0.1267374,0.12669924,0.117756054,0.009903081,-0.0728677,0.038613338,0.049300242
10/27/2019,5:20,0.12300444,-0.017416583,0.006304543,0.09610269,-0.001799308,0.025807494,0.15847859,0.08638966,0.12297465,0.10682361,0.17643276,-0.1589798,-0.05565509,-0.06078611
11/3/2019,6:20,0.005273808,-0.06688056,-0.026755676,0.01569901,0.031600952,-0.18766214,0.012309451,0.13230366,0.14648023,0.109203845,0.05009696,-0.17026237,0.04967288,0.11627135
11/10/2019,7:20,0.14840782,0.09748368,-0.034808256,0.06966588,0.05195979,0.07964458,0.17443278,0.11578561,0.14979559,0.16587886,0.19459596,-0.08095667,-0.08169692,0.13295422
11/17/2019,8:20,0.10955331,-0.07752652,-0.019267723,0.25108165,-0.010264116,-0.015129101,0.1719493,0.18144494,0.22338243,0.12783276,0.15944809,-0.19420102,0.013807663,0.04924461
11/24/2019,9:20,0.021475177,0.019989101,-0.109180145,0.09043982,0.08668157,-0.03083828,0.07653607,0.121061385,0.13205189,0.108377874,0.13658142,-0.008142861,-0.019727811,0.27431965
12/1/2019,10:20,0.045329355,-0.017727807,-0.074385695,0.14826016,0.02430831,0.02863703,0.19824207,0.123607844,0.16554847,0.09270262,0.24732682,-0.038975917,-0.03207359,0.100304544
12/8/2019,11:20,-0.024352022,-0.13666229,0.03596623,0.1079891,0.11176609,-0.094375804,0.06962777,0.1366974,0.12554997,0.06915589,0.06836688,-0.02711244,0.15192418,0.20509298
12/15/2019,12:20,-0.0160297,-0.011664817,-0.036594294,0.02460105,0.012909513,0.04124744,0.076678,0.085338496,0.13950388,0.10682152,0.12170581,-0.03296586,-0.0795599,0.05965838
12/22/2019,13:20,-0.025475826,-0.22985941,-0.04598987,-0.00888296,0.07192893,-0.1309347,0.017271295,0.03142177,0.20146139,0.11415179,0.039022304,-0.063589275,0.03682496,0.086056486
12/29/2019,14:20,-0.046236847,0.054381564,0.07702852,-0.016334273,0.14134715,-0.027426377,0.047163527,-0.05095408,0.020235682,0.05635035,-0.016128944,0.14931165,-0.003584622,0.16056132
1/5/2020,15:20,-0.006380439,-0.04838337,0.061070353,0.000679813,0.06612628,0.073766515,0.010745153,0.034481052,0.17509165,-0.005073052,0.030806221,0.0622892,-0.030412432,0.07862755
1/12/2020,16:20,0.012529595,-0.10228367,0.09048425,0.001351707,0.08879795,-0.058449008,-0.015577871,0.013374817,0.17988022,0.13585109,-0.018824778,-0.026805518,0.03885508,0.11622882
1/19/2020,17:20,0.12358901,0.024374673,-0.07743269,0.17927322,0.027771426,0.049004503,0.17841506,0.018140186,0.010444397,0.07681066,0.18909875,-0.04709906,-0.060209077,0.087475315
1/26/2020,18:20,0.05035765,-0.030179571,-0.074358016,0.078219414,0.118774734,-0.07162704,0.09938122,0.049462415,0.039108388,0.003773747,0.18086857,-0.10903896,0.036482632,0.12368682
2/2/2020,19:20,0.0397525,0.056745686,-0.07368901,0.19773306,-0.004124494,0.054565948,0.11965595,0.056699663,0.05658695,0.07577041,0.1462956,-0.1532605,0.037245315,0.05093303
2/9/2020,20:20,0.09730749,-0.003272764,-0.068713725,0.19829951,-0.1560102,-0.025997236,0.030764569,0.15334684,0.13581473,0.12890817,0.04376995,-0.2912082,0.054575313,0.05108191
2/16/2020,21:20,0.040582154,-0.052679382,-0.112987846,0.13237748,-0.09939631,-0.024818819,0.04894268,0.273087,0.10321538,0.15806738,0.005841725,-0.25857243,-0.04538678,0.13064754
2/23/2020,22:20,-0.010817319,-0.019801494,-0.11272365,0.19069149,-0.1926382,0.021267809,0.115188256,0.22869214,0.085684165,0.056208357,0.10510759,-0.29651347,-0.15097469,-0.06368538
3/1/2020,23:20,-0.01976369,-0.12414971,-0.13541049,0.1886442,-0.067568384,-0.11933544,0.043347724,0.21802899,0.17105578,0.106309235,0.09042609,-0.3204772,-0.022592008,0.074207924
3/8/2020,0:20,0.052723873,0.010116352,-0.047199063,0.25402325,-0.17849255,-0.07589887,0.15594862,0.28271282,0.20737807,0.1848976,0.17897934,-0.34698316,-0.057093307,0.06591002
3/15/2020,1:20,0.21907076,-0.03411138,-0.07646266,0.33278745,-0.17754552,-0.16769794,0.30452242,0.48186147,0.2108718,0.30286366,0.30448365,-0.5442343,0.031886574,0.07128039
3/22/2020,2:20,0.08155149,-0.046048887,-0.20589472,0.28931236,-0.12086616,-0.14927861,0.32036194,0.44000983,0.28898552,0.2061453,0.40647608,-0.38328874,-0.10469302,0.14385252
3/29/2020,3:20,0.114205435,-0.07444135,-0.06294401,0.4385993,-0.06612111,-0.14951883,0.30714664,0.6029817,0.38373291,0.39222223,0.41245168,-0.5687573,0.12635611,0.1235138
4/5/2020,4:20,0.07279056,-0.23830317,-0.21628997,0.5949861,-0.30281,-0.13490212,0.25902945,0.75706506,0.41533145,0.3237125,0.44645774,-0.72625256,0.04320832,0.216358
4/12/2020,5:20,0.033430092,-0.38167915,-0.3520668,0.3962235,-0.24359326,-0.34229818,0.1790205,0.8392297,0.38999432,0.36916828,0.446282,-1.0047027,-0.14844471,0.20503768
4/19/2020,6:20,0.09682773,-0.44623142,-0.45221537,0.69978917,-0.28537163,-0.17480841,0.397907,0.92892057,0.5090852,0.4250358,0.58675426,-1.3222551,-0.2226937,0.114391
4/26/2020,7:20,0.032540966,-0.62694156,-0.67991424,0.903136,-0.5013198,-0.13460387,0.07921848,1.0536604,0.6182918,0.4044027,0.33599016,-1.6773629,-0.3858081,0.15509593
5/3/2020,8:20,0.059196595,-0.53621155,-0.7958887,0.77087677,-0.56157386,-0.18653041,0.17737198,1.2248477,0.75028557,0.54617333,0.27416894,-1.8688729,-0.47744685,0.4568761
5/10/2020,9:20,0.13342792,-0.8788102,-0.91583264,1.2958001,-0.7114273,0.1936257,0.39733317,1.5417157,0.8672561,0.46120325,0.28197733,-2.1285882,-0.78580296,0.4115923
5/17/2020,10:20,-0.25843522,-1.0271684,-1.0027825,1.1326028,-0.7148487,0.049662933,0.18298967,1.5243188,0.9706139,0.4365503,0.012294609,-2.2042632,-0.7788444,0.6032991
5/24/2020,11:20,-0.08333589,-1.3728199,-1.1912643,1.4415648,-0.6834292,0.4587291,0.36716813,1.6878996,1.1982282,0.5392684,0.14708316,-2.4161742,-1.0480632,0.61951977
5/31/2020,12:20,-0.43891558,-1.6857175,-1.2065722,1.5011221,-0.8835438,0.093619585,0.35383648,1.5790261,0.9899433,0.33869556,-0.074961446,-2.5249648,-0.85144615,0.7103582
6/7/2020,13:20,-0.36968407,-1.5990357,-1.308505,1.3545842,-0.56146646,0.51905966,0.3779467,1.6126729,0.78496337,0.20350297,-0.016960599,-2.2535236,-1.1533206,1.0043477
6/14/2020,14:20,-0.44470116,-1.9944972,-0.97582966,1.5566622,-0.78857476,0.6320357,0.48550108,1.6140295,1.2748358,0.13527006,0.019650117,-2.510941,-1.0538728,0.68353176
6/21/2020,15:20,-0.24427217,-2.0543985,-1.4168135,1.8596011,-0.7438131,0.8084097,0.2663614,1.36287,0.7207784,0.055083692,-0.14540973,-2.203731,-1.2094256,1.0940899
6/28/2020,16:20,-0.43661055,-1.847196,-1.4468273,1.555854,-0.633888,1.0032665,0.29507497,1.5441158,0.66166085,-0.43611386,0.2658526,-1.8601522,-1.2357711,1.3813035
7/5/2020,17:20,-0.25040844,-2.1629605,-1.3591806,1.8516,-0.4895344,1.3246388,0.33711854,1.1439128,0.3393781,-0.788959,0.23461494,-1.626533,-1.0989671,1.3286105
7/12/2020,18:20,-0.30561146,-1.7278737,-1.4574186,1.7510206,-0.6747318,1.341047,0.18071836,1.1553942,0.20354113,-0.83409274,0.16950202,-1.555651,-1.1248721,1.2460409
7/19/2020,19:20,-0.17643563,-2.2835104,-1.7724319,1.587416,-0.61265165,1.6219423,-0.07447907,1.1750973,0.37512526,-0.7380289,0.22596815,-1.4650384,-1.0261606,1.3730869
7/26/2020,20:20,-0.4483095,-1.8375968,-1.3817348,1.5725234,-0.7379273,1.3621275,-0.06407526,1.0249163,-0.44907942,-1.0663813,-0.005266957,-1.1133983,-0.8943214,1.1500262
8/2/2020,21:20,-0.50734603,-1.9586278,-1.5281056,1.1592301,-0.5135866,1.6305549,-0.32780465,0.84221774,-0.39733803,-1.7953922,0.21302032,-0.6347367,-1.1419123,1.3755517
8/9/2020,22:20,-0.6685555,-2.0243688,-1.1750498,0.7892202,-0.5635416,1.4226391,-0.7566992,0.47622585,-0.3029718,-1.5232681,-0.2929437,-0.56475216,-1.0628229,0.9498284
8/16/2020,23:20,-0.018490892,-1.7692038,-1.2042592,1.1485382,-0.72047067,1.7941048,-0.5633609,0.8474761,-0.48501745,-1.2301265,-0.09832163,-0.8906655,-0.7148437,0.8886319
8/23/2020,0:20,-0.1303894,-1.8215852,-1.4676359,0.766204,-0.77076495,1.4076121,-0.5753472,0.8477793,-0.6998332,-1.5606222,0.042671725,-0.90155756,-1.0252832,0.8797487
8/30/2020,1:20,-0.2308819,-1.4094731,-1.4618983,0.7537127,-0.41249308,1.3041997,-0.23889317,0.5801527,-0.8340399,-1.5318071,0.4219928,-0.63369644,-1.0493028,0.82883126
9/6/2020,2:20,-0.083335355,-1.2047677,-1.0634166,1.1198131,-0.56522894,1.5160117,-0.33018976,0.40414923,-0.47484407,-1.588259,0.37230864,-0.32313424,-0.7477757,0.8685334
9/13/2020,3:20,0.06402129,-1.170157,-0.97474384,0.8052932,-0.58255124,1.3643303,-0.731313,0.775707,-0.4146874,-1.2204409,-0.05095987,-0.3640301,-0.5229205,1.0203414
9/20/2020,4:20,0.17592841,-1.1211594,-1.1919875,0.7995806,-0.7834522,1.3846152,-0.22438884,1.1018496,-0.44243905,-1.0585485,0.4859868,-0.6537721,-0.5795667,0.7377237
9/27/2020,5:20,-0.000811022,-1.2981144,-1.2877547,0.89955294,-0.48017776,0.8725612,-0.062298473,0.9742638,-0.7244841,-1.0931222,0.6419849,-0.70224804,-0.52365994,0.68658173
10/4/2020,6:20,-0.45763123,-1.0800647,-1.2183738,0.6818419,-0.3855236,0.8328803,-0.2901763,0.759106,-0.49388734,-1.2243465,0.653562,-0.44887945,-0.6366654,0.67130595
10/11/2020,7:20,-0.09221652,-1.0476626,-0.9884156,0.66413105,-0.6738895,0.70560366,-0.44223034,0.7230661,-0.39406067,-0.8593441,0.28660932,-0.8039792,-0.36638767,0.4172354
10/18/2020,8:20,0.01613449,-0.8037661,-1.0641608,0.6123211,-0.7160127,0.59729576,-0.28246585,0.9072652,-0.2588158,-0.57744265,0.22708893,-0.85558546,-0.44457117,0.50301135
10/25/2020,9:20,-0.11653066,-0.86450356,-0.8895562,0.4223637,-0.4686909,0.6462839,-0.30229807,0.87396467,0.032442033,-0.5401443,0.12439705,-0.5170089,-0.7088925,0.59743893
11/1/2020,10:20,-0.31712672,-0.80989754,-0.5239076,0.47943693,-0.44555545,0.6184105,-0.2911095,0.7594999,0.16452207,-0.5619966,0.12949175,-0.33859742,-0.6108013,0.41343668
11/8/2020,11:20,-0.19127499,-0.9596554,-0.49323064,0.3887595,-0.24925034,0.41254157,-0.3176585,0.67249465,0.18057336,-0.6144264,0.17265162,-0.21989207,-0.45737544,0.7341795
11/15/2020,12:20,-0.045350093,-0.76598924,-0.4722081,0.2928372,-0.16948621,0.35775018,-0.0043469,0.6824011,0.12381153,-0.36622187,0.44478872,-0.34631723,-0.5336537,0.5700852
11/22/2020,13:20,0.023371434,-0.9579608,-0.6520876,0.5416719,-0.062324658,0.447652,0.060469992,0.6611215,0.17226554,-0.29197463,0.5784111,-0.50610983,-0.34467727,0.4758228
11/29/2020,14:20,-0.14293042,-0.7950358,-0.5545788,0.49299854,-0.028073037,0.36457065,-0.21080276,0.52614737,0.19573393,-0.32669282,0.36449632,-0.5143344,-0.29642892,0.57362926
12/6/2020,15:20,0.001228236,-0.70173347,-0.63610995,0.5966972,-0.20769466,0.39969787,-0.0954104,0.44725388,0.22597311,-0.29482684,0.3268622,-0.5924094,-0.44652608,0.6532604
12/13/2020,16:20,0.07558896,-0.6820734,-0.61180633,0.6521288,-0.19419609,0.44682664,-0.12849262,0.49728906,0.32698283,-0.19480167,0.1777204,-0.6430087,-0.665527,0.66302395
12/20/2020,17:20,0.031302568,-0.6790846,-0.70414084,0.75853837,-0.17531101,0.6880565,-0.12815231,0.5431861,0.40133372,-0.18738231,0.14281952,-0.6324908,-0.69167256,0.65323204
12/27/2020,18:20,0.05422194,-0.6644468,-0.7878539,0.83389425,-0.25071242,0.60548943,-0.07378333,0.44810763,0.34088477,-0.27514613,0.16434464,-0.7247653,-0.66961455,0.596332
1/3/2021,19:20,0.017303387,-0.64362717,-0.7289939,0.8305887,-0.16812685,0.4067437,0.17823786,0.63994026,0.2666761,-0.16251451,0.2670993,-0.76031077,-0.44622618,0.82112104
1/10/2021,20:20,-0.001830708,-0.699241,-0.6402365,0.96033114,-0.30784744,0.59979254,0.29581124,0.6766284,0.32900947,-0.14773062,0.390957,-0.7619435,-0.6004896,0.6065629
1/17/2021,21:20,-0.13681883,-0.9089661,-0.64591503,0.828927,-0.20231622,0.39617178,0.07889571,0.57656205,0.36163318,-0.18238877,0.21613678,-0.7216687,-0.42951316,0.61457074
1/24/2021,22:20,-0.030699559,-0.67649853,-0.63068485,0.82780063,-0.2068672,0.5318446,0.15973237,0.4132195,0.26232216,-0.19688779,0.30271822,-0.57169056,-0.47339997,0.6082475
1/31/2021,23:20,-0.047417734,-0.76067346,-0.6076576,0.8642495,-0.2000748,0.40167677,0.11776757,0.52393657,0.21501824,-0.18747787,0.23354045,-0.54349405,-0.3400516,0.6879795
2/7/2021,0:20,-0.03334104,-0.6185451,-0.4902179,0.65083987,-0.12684773,0.4784224,0.13690712,0.575436,0.20816286,-0.24162221,0.3526569,-0.4191805,-0.39806074,0.73786056
2/14/2021,1:20,0.055975948,-0.7899726,-0.55822194,0.8612474,-0.16075128,0.45972845,0.29035956,0.57472515,0.21863891,-0.22353107,0.5076078,-0.6108497,-0.32389775,0.52041864
2/21/2021,2:20,0.014940055,-0.6650585,-0.63319993,0.7519712,-0.10031683,0.31570676,0.18451202,0.48260257,0.13636288,-0.21116942,0.46943182,-0.5426806,-0.25032675,0.69240683
2/28/2021,3:20,0.13763411,-0.5781657,-0.62328196,0.76848996,-0.11187891,0.45660105,0.30754122,0.5763489,0.19220276,-0.058487594,0.5567767,-0.60940343,-0.271941,0.5851404
3/7/2021,4:20,0.055009987,-0.6607539,-0.5280894,0.8232521,-0.21085131,0.33750734,0.23600373,0.58133614,0.24675156,-0.10612159,0.4266747,-0.6311635,-0.20698637,0.5298147
3/14/2021,5:20,0.003869008,-0.5326271,-0.5650621,0.6542485,-0.12451576,0.34104937,0.13892667,0.54197264,0.1915886,-0.12385957,0.37933674,-0.4267236,-0.3415989,0.67177874
3/21/2021,6:20,0.012543464,-0.6064603,-0.46079668,0.65976584,-0.1306113,0.37713006,0.19848208,0.53385764,0.34443745,-0.1428536,0.45797366,-0.4023562,-0.33116385,0.57513213
3/28/2021,7:20,0.06710355,-0.60297835,-0.41441694,0.6878897,-0.046876132,0.29597092,0.1732532,0.5136351,0.22356497,-0.086372815,0.37149924,-0.4064968,-0.20654953,0.60872024
4/4/2021,8:20,0.061271492,-0.5462879,-0.55297786,0.61211467,-0.05686353,0.33895767,0.24463084,0.5726706,0.2892839,-0.07598193,0.54934,-0.46931702,-0.28230003,0.5714279
4/11/2021,9:20,0.117364764,-0.61471874,-0.45552093,0.6542908,0.026630593,0.14822301,0.35878024,0.49139792,0.34069717,0.10264339,0.56716967,-0.59226835,-0.122901,0.535144
4/18/2021,10:20,0.1218884,-0.41474044,-0.43164986,0.78280663,0.008840518,0.20293292,0.44847193,0.45800942,0.30214038,0.08468024,0.58975977,-0.4434403,-0.21905139,0.5885278
4/25/2021,11:20,0.12380792,-0.44503736,-0.3663247,0.6595373,0.050518952,0.18266758,0.33540395,0.5196,0.4801731,0.12146439,0.57519686,-0.43011823,-0.17975418,0.6371439
5/2/2021,12:20,0.11601606,-0.4546793,-0.43021455,0.7817786,0.047546677,0.24289836,0.37628597,0.4935066,0.39319712,0.11390352,0.5547221,-0.32246453,-0.15885553,0.6843987
5/9/2021,13:20,0.15862006,-0.33190992,-0.3711599,0.7003654,0.07496516,0.20459594,0.40461844,0.5369731,0.36650243,0.08360449,0.61460596,-0.361297,-0.12499041,0.68726796
5/16/2021,14:20,0.14151385,-0.5025607,-0.49432027,0.7326807,0.1254583,0.18789086,0.49148026,0.5207443,0.4515259,0.21109992,0.66056263,-0.4566919,-0.13105774,0.6018341
5/23/2021,15:20,0.051717762,-0.3969686,-0.4519782,0.7018635,0.06330924,0.0675622,0.43709925,0.40239906,0.37865967,0.24364758,0.56960887,-0.43946666,-0.10622712,0.502772
5/30/2021,16:20,0.033692077,-0.39336723,-0.3979837,0.6260612,0.18495426,0.05295922,0.42369646,0.40433604,0.39073393,0.23734614,0.5210138,-0.34445316,0.01145483,0.63074404
6/6/2021,17:20,-0.011807326,-0.36083677,-0.16815338,0.6075324,0.07467897,0.09442822,0.36751273,0.39974052,0.4678111,0.19460624,0.40473887,-0.313302,-0.10769326,0.5247644
6/13/2021,18:20,0.05671555,-0.46187192,-0.25082436,0.5904609,0.05684104,0.061779328,0.3161317,0.444826,0.47452804,0.27220312,0.38429847,-0.41880432,-0.12362199,0.5239761
6/20/2021,19:20,0.1273663,-0.40312347,-0.3537774,0.5975616,0.09852607,0.12048838,0.3868439,0.37037212,0.4241054,0.21251635,0.5231269,-0.40403378,-0.24335349,0.50876254
6/27/2021,20:20,0.14897317,-0.3624637,-0.36783227,0.7144974,0.15643512,0.07774015,0.46989208,0.3781888,0.32848114,0.19005404,0.57365376,-0.49384433,-0.08327037,0.5009733
7/4/2021,21:20,0.18983757,-0.22889416,-0.37725198,0.7425345,0.053239882,0.14262447,0.49049,0.42818817,0.37966898,0.2049363,0.61491024,-0.5274806,-0.112170145,0.5371038
7/11/2021,22:20,0.19377923,-0.35541883,-0.39849716,0.7587097,0.00161875,0.095676765,0.4679121,0.4970646,0.49889025,0.31736752,0.55549806,-0.5776515,-0.10354126,0.54494333
7/18/2021,23:20,0.1693394,-0.28013873,-0.34625414,0.76973003,0.013060546,0.14696646,0.48905167,0.513816,0.40842843,0.2773176,0.5070866,-0.45253748,-0.11756276,0.58479095
7/25/2021,0:20,0.1144668,-0.36334565,-0.39576548,0.76339483,0.012754777,0.18536392,0.46073186,0.5894865,0.43314403,0.2192734,0.5565272,-0.5056316,-0.14152163,0.5047754
8/1/2021,1:20,0.038880758,-0.4212436,-0.40853295,0.6644316,0.02610991,0.02855276,0.4366794,0.4517663,0.4495124,0.2400989,0.56068057,-0.46991885,-0.1275129,0.51416945
8/8/2021,2:20,0.15031296,-0.31780252,-0.3195146,0.67301744,0.10191541,0.004794119,0.5720706,0.447263,0.38051105,0.294619,0.6347051,-0.40724623,-0.085653596,0.5132682
8/15/2021,3:20,0.12844867,-0.36875343,-0.22199073,0.65192807,0.12938045,0.027658818,0.5513294,0.5367714,0.49209228,0.27856156,0.6675058,-0.40081954,0.006076165,0.50660664
8/22/2021,4:20,0.15443408,-0.34249514,-0.23257619,0.60282516,0.13829361,0.020845164,0.49831334,0.4930213,0.4831688,0.32022396,0.6607459,-0.34160587,-0.019803002,0.53793895
8/29/2021,5:20,0.24688214,-0.29024962,-0.2611389,0.63896906,0.2222291,-0.008246236,0.6443019,0.4425388,0.51698244,0.32942,0.81797963,-0.28525075,0.002205756,0.6034256
9/5/2021,6:20,0.24636927,-0.29510343,-0.23710954,0.7251673,0.33245152,0.049630538,0.6349883,0.4767546,0.48708937,0.34587356,0.82146275,-0.21758467,0.03759515,0.67463195
9/12/2021,7:20,0.24644077,-0.23378038,-0.26203236,0.72538817,0.25643113,0.06438922,0.62384725,0.47523528,0.5643415,0.4042592,0.92597336,-0.32734326,0.028096277,0.56672764
9/19/2021,8:20,0.31027225,-0.32368138,-0.36394227,0.7500185,0.31974772,-0.089567885,0.6552309,0.37875292,0.5456262,0.3963097,0.95010406,-0.30662706,0.045103256,0.67962587
9/26/2021,9:20,0.28628042,-0.09513006,-0.2714876,0.73117596,0.38369414,-0.057825163,0.7245015,0.40320286,0.46322522,0.3936713,0.9606305,-0.21428062,0.051062904,0.7218758
10/3/2021,10:20,0.33001232,-0.17070983,-0.2789797,0.7733262,0.33366644,0.09338077,0.6856911,0.48671472,0.63147914,0.43784946,0.95011145,-0.27532166,0.058634836,0.6628347
10/10/2021,11:20,0.29423064,-0.21418996,-0.26641366,0.692617,0.32780343,-0.061264098,0.62214375,0.40285218,0.72175527,0.53342307,0.8439711,-0.2646237,0.035151068,0.66715974
10/17/2021,12:20,0.3356393,-0.13374357,-0.2872439,0.7646961,0.42867157,-0.056497596,0.79400957,0.39263985,0.63398767,0.5787686,0.9546737,-0.15473399,0.059570227,0.7519896
10/24/2021,13:20,0.2664093,-0.112285756,-0.14339095,0.72842,0.48707065,-0.08707202,0.7999089,0.41129655,0.66716635,0.5086528,1.0066457,-0.080603845,0.090438016,0.7415734
10/31/2021,14:20,0.27641794,-0.15807337,-0.15596944,0.7206033,0.522607,-0.095562525,0.7811811,0.37520146,0.7265355,0.5429245,1.0579065,-0.09608749,0.12584797,0.723938
11/7/2021,15:20,0.4028311,-0.06732179,-0.17006677,0.76284546,0.4980645,-0.14114225,0.85386324,0.29448047,0.70804495,0.615816,1.1232865,-0.11460457,0.16300166,0.7255938
11/14/2021,16:20,0.43129128,-0.060484983,-0.21998566,0.77657497,0.59181124,-0.116597444,0.86641204,0.37346014,0.6681477,0.6508857,1.1199919,-0.09928473,0.20611943,0.7858697
11/21/2021,17:20,0.35378596,0.025703533,-0.17733622,0.7372811,0.52523607,-0.08233995,0.84339106,0.3522894,0.699241,0.6282314,1.1083865,-0.103745945,0.18272895,0.6881321
11/28/2021,18:20,0.35966787,-0.08125362,-0.21828139,0.7992875,0.5438843,-0.13960294,0.7909434,0.3082192,0.76378155,0.6760993,1.0622771,-0.14309381,0.19397393,0.7108076
12/5/2021,19:20,0.34906676,0.020925215,-0.113966055,0.77865076,0.51391053,-0.21373159,0.8128892,0.34686247,0.7636115,0.72357213,1.036078,-0.15793894,0.1727463,0.75501746
12/12/2021,20:20,0.42084247,-0.043905042,-0.26207337,0.8288716,0.48669448,-0.13091108,0.8568343,0.37567863,0.71932757,0.68977964,1.1082914,-0.2413147,0.069453366,0.6779567
12/19/2021,21:20,0.35018834,0.009763962,-0.23076731,0.724419,0.5502328,-0.2538025,0.84078526,0.342019,0.7666856,0.6986474,1.0677745,-0.28297055,0.15498403,0.68427676
12/26/2021,22:20,0.4577149,0.02178589,-0.21458045,0.9117102,0.5075126,-0.11814536,0.9473554,0.40478343,0.85012424,0.8352165,1.0798136,-0.37444916,0.17979454,0.6737198
1/2/2022,23:20,0.37981334,-0.026548887,-0.199243,0.89008266,0.38130215,-0.25147036,0.8887509,0.49889922,0.9060566,0.88314164,0.9864872,-0.44701764,0.15749508,0.69405687
1/9/2022,0:20,0.42986044,-0.021506833,-0.22216845,0.8504506,0.5155802,-0.22197258,1.0145271,0.48841488,0.90867466,0.9140477,1.1063726,-0.37944004,0.06640419,0.76159775
1/16/2022,1:20,0.3740603,0.011530606,-0.1738581,0.9816433,0.51581514,-0.25341445,1.1226875,0.3301875,0.930457,0.8194319,1.1754452,-0.27431068,0.06750762,0.6641748
1/23/2022,2:20,0.38477474,0.043205336,-0.13244338,0.89515793,0.6627192,-0.2633896,0.9852928,0.36776832,0.9507718,0.8833467,1.1053227,-0.14392555,0.24909624,0.87259936
1/30/2022,3:20,0.43292403,0.054699816,-0.02027534,0.9140983,0.54253805,-0.19318947,1.1037794,0.49822217,1.0228894,0.9609082,1.2113857,-0.1918877,0.274306,0.7848449
2/6/2022,4:20,0.45288083,-0.097930074,-0.11857416,0.8941815,0.6201499,-0.33674994,1.1259108,0.4657948,0.8827003,0.8960693,1.236002,-0.18379544,0.28127918,0.82441235
2/13/2022,5:20,0.39505595,0.060248435,-0.11046705,0.8289679,0.76717,-0.31385273,1.2116361,0.4101814,0.9213578,0.9451909,1.4056704,-0.15621299,0.24047327,0.7689735
2/20/2022,6:20,0.47979483,-0.025616469,-0.13018893,1.0336878,0.68743217,-0.29698718,1.1912872,0.27763224,1.0062058,1.0010431,1.4150704,-0.20207381,0.32452524,0.6931863
2/27/2022,7:20,0.46010885,0.19579998,-0.06535956,0.8556359,0.7410149,-0.4652716,1.0675474,0.24652302,0.9067671,0.983824,1.2839322,-0.007659426,0.35813642,0.91102344
3/6/2022,8:20,0.56712234,0.28017235,0.049526647,0.826927,0.78805494,-0.28096703,1.2440817,0.33189327,1.0186964,0.97707915,1.4219816,0.106511064,0.3207044,0.9042941
3/13/2022,9:20,0.5311739,0.14064206,0.11877647,0.958827,0.7670815,-0.31713498,1.1597304,0.40758976,1.0976793,1.0525608,1.3346789,0.012487197,0.3883802,0.78587407
3/20/2022,10:20,0.5230229,0.23125872,-0.08169389,0.8437205,0.80014765,-0.40110037,1.1806972,0.34686187,1.0485517,1.1020555,1.4684483,0.05054467,0.37820968,0.90431607
3/27/2022,11:20,0.5772033,0.21079122,-0.08678034,0.8763685,0.9074021,-0.4953642,1.3590913,0.24372673,0.9828523,1.1053739,1.6075073,0.048901685,0.39400953,0.81307256
4/3/2022,12:20,0.43757746,0.3147561,0.11271915,0.87325203,0.9580058,-0.5696287,1.3014659,0.24479516,0.98623306,1.1215305,1.4797821,0.101308666,0.5857467,0.82906204
4/10/2022,13:20,0.5117736,0.29721054,0.13523763,0.78635985,0.8459228,-0.4469816,1.145206,0.23862338,1.2155715,1.2205138,1.3951466,0.05480764,0.4355926,0.7503565
4/17/2022,14:20,0.5692838,0.23203437,0.16788296,0.7594797,0.8621132,-0.6828047,1.2165488,0.2401108,1.2385302,1.3657929,1.3172562,-0.023918381,0.50670594,0.781819
4/24/2022,15:20,0.6499059,0.47439918,0.09835675,0.8340988,0.9748241,-0.5105893,1.4155328,0.20896748,1.0432955,1.2720828,1.4854207,0.17422393,0.3461376,0.85957533
5/1/2022,16:20,0.5383632,0.40356395,0.13252218,0.8027073,1.0717752,-0.5361281,1.374829,0.24573189,1.246209,1.2637268,1.5584109,0.13619268,0.44316497,0.7904541
5/8/2022,17:20,0.6999279,0.47460338,0.20223539,0.9949353,1.0624894,-0.5602698,1.4876435,0.12237528,1.3272814,1.4682561,1.6488428,0.09337615,0.587183,0.83444834
5/15/2022,18:20,0.79924583,0.5686127,0.10756783,1.0739678,1.023562,-0.7058059,1.6426195,0.20455039,1.2020049,1.4919505,1.759448,0.1200844,0.59068054,0.9451285
5/22/2022,19:20,0.6792347,0.5884996,0.1472477,0.8372431,1.2226256,-0.6949008,1.6365132,0.22021961,1.2261887,1.4432423,1.8220439,0.28515744,0.62899506,0.99290854
5/29/2022,20:20,0.72738504,0.63324934,0.33994934,1.0481795,1.1581157,-0.6010958,1.7075597,0.22170952,1.3421435,1.5902016,1.8155944,0.16624224,0.76235574,0.73711973
6/5/2022,21:20,0.67667127,0.54071385,0.1752586,0.96216524,1.0542343,-0.8229901,1.5280261,0.14205167,1.38063,1.5843164,1.6994712,0.23002842,0.73986673,0.9031452
6/12/2022,22:20,0.6707632,0.71309185,0.26025218,0.71593773,1.2576841,-0.8820468,1.6024772,0.13707581,1.2698084,1.7029784,1.7482816,0.40076184,0.67652124,0.9457392
6/19/2022,23:20,0.6515659,0.6994276,0.44568092,0.89301586,1.2518063,-0.76421374,1.7231345,0.05758745,1.3284625,1.5343345,1.8159897,0.48342848,0.7653743,0.76107913
6/26/2022,0:20,0.5957132,0.70945096,0.45079505,0.6953183,1.3634202,-0.9455283,1.4213003,-0.06733428,1.4199901,1.6131536,1.5939858,0.50404525,0.7968271,0.8381985
7/3/2022,1:20,0.72534776,0.8068085,0.3986236,0.7207363,1.3042055,-0.9128548,1.6460745,-0.020502608,1.4997056,1.8594902,1.7458528,0.43197173,0.8425597,0.84852564
7/10/2022,2:20,0.8156028,0.78753597,0.5194279,0.8628727,1.3340602,-0.99983793,1.7584257,0.05381763,1.3397143,1.8624215,1.736583,0.3296293,0.89934176,0.78587896
7/17/2022,3:20,0.62407756,0.82653946,0.4421961,0.7786838,1.4036313,-0.9932756,1.7131292,0.09508897,1.442981,1.7838953,1.8140291,0.29188415,0.78171283,0.7828589
7/24/2022,4:20,0.7289928,0.8071452,0.35745987,0.87222743,1.2736568,-1.029484,1.6990445,-0.20759532,1.5463089,1.8605283,1.8118899,0.20686062,0.71348524,0.655907
7/31/2022,5:20,0.8411468,1.0191563,0.43347543,0.94092983,1.3750045,-1.1289859,1.7668269,-0.08395294,1.4289299,1.9976773,1.6534436,0.27470392,0.92690694,0.9069435
8/7/2022,6:20,0.819355,1.0561736,0.45896876,0.8537,1.2987942,-0.7941644,1.7971594,0.057303276,1.5671476,1.8978457,1.6889901,0.35472617,0.7604897,0.833872
8/14/2022,7:20,0.64779186,0.77235,0.45734513,0.83252513,1.3315657,-0.9962619,1.6944158,0.061880525,1.6099018,2.0033393,1.4975871,0.23743506,0.8843796,0.72543657
8/21/2022,8:20,0.6217728,0.91886514,0.43289077,0.8101669,1.3854281,-1.0047584,1.8507884,-0.18618757,1.5286516,1.9545977,1.6170514,0.45992738,0.8167692,0.8489502
8/28/2022,9:20,0.61236167,0.7550742,0.51045567,0.86201614,1.5015982,-1.036269,1.8321815,-0.102126226,1.4511479,1.989356,1.5701663,0.39048094,0.87945986,0.75202584
9/4/2022,10:20,0.5487571,0.8430593,0.5851553,0.80218244,1.3964754,-1.0145025,1.7877367,-0.1916664,1.4545171,1.9342282,1.6558933,0.32002527,0.92454016,0.64581496
9/11/2022,11:20,0.6713419,0.7933777,0.40221614,0.77621925,1.4296727,-1.0781186,1.7052131,-0.48028493,1.3209622,1.7741858,1.588223,0.47641277,0.7763272,0.71658564
9/18/2022,12:20,0.6102897,1.0493006,0.62778604,0.59923846,1.5586494,-1.0032301,1.6432911,-0.38082677,1.2815002,1.7182627,1.4099884,0.65603673,0.9663875,0.8849702
9/25/2022,13:20,0.81011,0.99540156,0.555713,0.8546881,1.3161114,-0.49485666,1.6330587,-0.23007885,1.3116655,1.8056096,1.363858,0.4623673,0.8822968,0.6293344
10/2/2022,14:20,0.61401945,0.80154127,0.3168789,0.6442251,1.2902623,-0.8649454,1.4526947,-0.40042475,1.3252571,1.7524582,1.2313837,0.42948502,0.77101713,0.6514219
10/9/2022,15:20,0.6345932,1.0365329,0.30726096,0.6820785,1.5596143,-0.8155731,1.7345417,-0.7087333,1.0407425,1.7105997,1.407117,0.76357484,0.7267442,0.742981
10/16/2022,16:20,0.5609176,1.1610624,0.66276973,0.801706,1.4622684,-0.784282,1.7013083,-0.66902375,1.0399156,1.571738,1.3627703,0.80617106,0.951538,0.53869134
10/23/2022,17:20,0.59018195,1.0481718,0.7185768,0.46142572,1.4405876,-0.8519557,1.3993089,-0.65574425,1.1586728,1.5818998,1.201965,0.8718008,1.0220337,0.6502327
10/30/2022,18:20,0.74456316,1.1451712,0.7010535,0.5321033,1.2924707,-0.8392916,1.6241485,-0.55022466,0.96280706,1.648696,1.339634,0.80085367,1.0063242,0.4897836
11/6/2022,19:20,0.74008876,1.0957257,0.5851141,0.52660805,1.4484266,-0.80546165,1.6314006,-0.49621642,0.76532084,1.4900165,1.4444301,0.81512773,1.1316942,0.55156124
11/13/2022,20:20,0.53475577,1.1360875,0.49554408,0.3579479,1.4559085,-0.71827644,1.4335766,-0.7244674,0.7935212,1.3699661,1.3588157,0.9201434,0.9330211,0.35977206
11/20/2022,21:20,0.62124705,1.1367663,0.5734994,0.4498288,1.3700105,-0.877233,1.3782623,-0.9003499,0.90832657,1.5896186,1.2338399,0.75072336,1.1869626,0.25553146
11/27/2022,22:20,0.6905374,1.3491904,0.6589443,0.4066658,1.356139,-0.90148467,1.3601642,-0.89543474,0.75078666,1.5896442,1.0542346,1.0164078,1.0834641,0.49002424
12/4/2022,23:20,0.54825294,1.2870291,0.7616701,0.15901367,1.3913262,-0.77954435,1.2587197,-0.66986805,0.8010946,1.3881187,1.0497743,1.0706323,0.9350036,0.37112522
12/11/2022,0:20,0.6142596,1.2228875,0.78207606,0.2879507,1.3502642,-0.77311337,1.3269837,-0.7147958,0.7695517,1.4199415,1.128287,0.85421914,1.0672435,0.2181411
12/18/2022,1:20,0.7653825,1.2658973,0.47444314,0.4714079,1.2564548,-0.83499044,1.4182009,-0.7761224,0.7118189,1.4673141,1.315571,0.6849702,0.9272242,0.22622664
12/25/2022,2:20,0.6765381,1.2640197,0.42261472,0.33178276,1.3322775,-0.97066325,1.3818792,-0.699944,0.6443216,1.5079052,1.2730821,0.66348636,1.045769,0.3367293
1/1/2023,3:20,0.70576286,1.4142119,0.56939083,0.5290212,1.1798732,-0.7216832,1.4320679,-0.64914346,0.64741534,1.4843864,1.2596684,0.54088473,1.0442351,0.07888048
